English_Name,Chinese_Name,Gender,Alignment,Power_Type,Detailed_Power,MCU_Presence,Movie_Count,Primary_Team,Mentor_CN,Risk_Level,Social_Style,hero,degree_score,betweenness_score,faction_id,Cross_Index,Loyalty_Score
CAPTAIN AMERICA,美国队长,男,正派,科技,通过超级士兵血清获得远超常人的力量、速度、耐力、敏捷和自愈能力，精通各种格斗技巧和战术，使用振金盾牌作为主要武器。,是,10,复仇者联盟,亚伯拉罕·厄斯金博士,2,团队核心,CAPTAIN AMERICA,0.2967581047381546,0.0618515622799755,0,0.9513632484092992,0.13399894902785076
IRON MAN/TONY STARK,钢铁侠/托尼·斯塔克,男,正派,科技,依靠高科技战甲，具备飞行、能量炮、防御力场、人工智能辅助战斗等能力。,是,10,复仇者联盟,霍华德·斯塔克,7,团队核心,IRON MAN/TONY STARK,0.2369077306733167,0.039608481754979,0,0.9385165101694328,0.15657894736842104
THING/BENJAMIN J. GR,石头人/本杰明·雅各布·格林,男,正派,变异,全身覆盖岩石皮肤，拥有超强力量和防御力，可承受极端物理冲击，但行动相对笨重。,否,0,神奇四侠,里德·理查兹,3,团队核心,THING/BENJAMIN J. GR,0.2205423940149626,0.0240642692002069,5,0.9316056996916249,0.17031802120141343
MR. FANTASTIC/REED R,神奇先生/里德·理查兹,男,正派,变异,身体具有超强弹性和可塑性，能随意拉伸、变形，智力超群，是顶尖科学家和发明家。,是,1,神奇四侠,无,3,团队核心,MR. FANTASTIC/REED R,0.2144638403990025,0.0236015732946883,5,0.9288604651162791,0.17732558139534885
WOLVERINE/LOGAN,金刚狼/罗根,男,正派,变异,拥有超强自愈因子、艾德曼合金骨骼与可伸缩的利爪，感官敏锐，战斗经验丰富。,否,约10部,X战警,X教授,7,孤傲,WOLVERINE/LOGAN,0.2130610972568578,0.0400583384982552,4,0.9272155525399476,0.17483540599853695
HUMAN TORCH/JOHNNY S,霹雳火/约翰尼·斯托姆,男,正派,变异,全身产生并控制火焰，飞行，发射火球，形成火焰屏障，免疫高温伤害。,否,0,神奇四侠,里德·理查兹,4,冲动热情,HUMAN TORCH/JOHNNY S,0.2119700748129675,0.0234237305110951,5,0.9285320088300221,0.17573529411764705
SCARLET WITCH/WANDA,绯红女巫/旺达·马克西莫夫,女,正派/反派,魔法/变异,混沌魔法，现实扭曲，能量投射，心灵感应，飞行，概率操控，创造幻象。,是,5,复仇者联盟,阿加莎·哈克尼斯,9,孤傲/情感驱动,SCARLET WITCH/WANDA,0.2058915211970075,0.0167014989444312,14,0.9216227375954855,0.0
THOR/DR. DONALD BLAK,雷神/唐纳德·布莱克博士,男,正派,神力,拥有雷神之力，可操控雷电、飞行、超强力量与耐力，使用雷神之锤姆乔尔尼尔。,是,8,复仇者联盟,奥丁,9,团队核心,THOR/DR. DONALD BLAK,0.2007481296758104,0.027030438946325,5,0.9226848031195858,0.18012422360248448
BEAST/HENRY &HANK& P,野兽/亨利·菲利普·“汉克”·麦考伊,男,正派,变异,拥有超人的力量、速度、敏捷性和耐力，手脚巨大且能攀爬，智力极高，是遗传学专家。,是,约5部,X战警,X教授,3,团队核心/学者型,BEAST/HENRY &HANK& P,0.1970074812967581,0.0212194469344186,4,0.9203461218517294,0.185126582278481
VISION,幻视,非人类,正派,科技/宇宙能量,由振金和心灵宝石构成，拥有飞行、密度控制、能量发射、超强计算和网络连接能力。,是,4,复仇者联盟,托尼·斯塔克,4,理性温和,VISION,0.1927992518703241,0.0140617836208029,14,0.914223784968854,0.18593371059013744
INVISIBLE WOMAN/SUE,隐形女侠/苏珊·斯托姆,女,正派,变异,能够使自身或他人隐形，并生成隐形力场进行防御和攻击，控制力场形状和强度。,否,4,神奇四侠,里德·理查兹,3,团队核心,INVISIBLE WOMAN/SUE,0.1924875311720698,0.0157522203360193,5,0.9185099639761416,0.19190283400809716
HAWK,鹰眼,男,正派,格斗,世界顶级弓箭手，精通各种武器和格斗技巧，无超能力但拥有卓越的战术头脑和精准射击能力。,是,6,复仇者联盟,尼克·弗瑞,3,团队核心,HAWK,0.1828241895261845,0.0260333138407253,0,0.9164506283296818,0.18073316283034954
WASP/JANET VAN DYNE,黄蜂女/珍妮特·范·戴因,女,正派,科技,通过皮姆粒子缩小身体至亚原子级别，获得飞行能力，并能发射生物电能量冲击波。,是,2,复仇者联盟,汉克·皮姆,3,团队核心,WASP/JANET VAN DYNE,0.1698877805486284,0.0107184405816639,0,0.9026731030067143,0.2
ANT-MAN/DR. HENRY J.,蚁人/亨利·乔纳森·皮姆博士,男,正派,科技,通过皮姆粒子缩小或放大自身及物体，与蚂蚁等昆虫沟通，控制蚁群，在亚原子领域穿梭。,是,3,复仇者联盟,无,4,孤傲,ANT-MAN/DR. HENRY J.,0.1684850374064838,0.0117657994047785,0,0.9094048720320691,0.1822386679000925
CYCLOPS/SCOTT SUMMER,镭射眼/斯科特·萨默斯,男,正派,变异,双眼能发射红色冲击光束，需佩戴特殊眼镜或面罩控制。,否,0,X战警,X教授,4,团队核心,CYCLOPS/SCOTT SUMMER,0.167861596009975,0.0137480187452014,4,0.8984546775602061,0.20798514391829154
SHE-HULK/JENNIFER WA,女浩克/詹妮弗·沃尔特斯,女,正派,变异,通过输血获得类似浩克的超强力量、耐力、再生能力，但能保持理智和律师身份，可控制变身。,是,1,复仇者联盟,布鲁斯·班纳（浩克）,4,团队合作者,SHE-HULK/JENNIFER WA,0.1667705735660848,0.0183750336995142,14,0.8971070875916876,0.205607476635514
STORM/ORORO MUNROE S,暴风女/奥萝洛·门罗,女,正派,变异,能操控天气，包括召唤雷电、风暴、降雨、降雪等，并可飞行。,否,约6部,X战警,X教授,7,团队核心,STORM/ORORO MUNROE S,0.1666147132169576,0.0121679786075991,4,0.8996629563840335,0.20673526660430308
ANGEL/WARREN KENNETH,天使/沃伦·肯尼思·沃辛顿三世,男,正派,变异,拥有巨大的白色翅膀，可飞行，具备超人类力量、速度和耐力，能发射锋利的羽毛作为武器。,否,0,X战警,X教授,4,孤傲,ANGEL/WARREN KENNETH,0.1666147132169576,0.0143160867166565,4,0.8996612045980877,0.20673526660430308
DR. STRANGE/STEPHEN,奇异博士/史蒂芬·斯特兰奇,男,正派,魔法,精通多元宇宙魔法，能操控时间、空间和维度，使用法器如悬浮斗篷和阿戈摩托之眼进行战斗和防御。,是,4,复仇者联盟,古一,8,孤傲,DR. STRANGE/STEPHEN,0.1656795511221945,0.0297785559284638,14,0.9091456684613245,0.1984948259642521
HULK/DR. ROBERT BRUC,绿巨人/布鲁斯·班纳博士,男,正派,变异,伽马射线辐射导致的变异，拥有超强力量、耐力、再生能力和愤怒时体型与力量激增，并能以浩克形态保持理智。,是,8,复仇者联盟,托尼·斯塔克,7,双重人格/团队核心,HULK/DR. ROBERT BRUC,0.1642768079800498,0.0241106488417148,7,0.9042259307913957,0.20683111954459202
PROFESSOR X/CHARLES,X教授/查尔斯·泽维尔,男,正派,变异,拥有强大的心灵感应能力，可读取思想、控制他人心智、进行精神攻击与防御，并能通过脑波强化机与全球变种人建立联系。,是,约10部,X战警,无明确核心导师，但受其父亲影响并自我成长为变种人领袖,3,团队核心,PROFESSOR X/CHARLES,0.1606920199501247,0.0142890036102435,4,0.8982946145226145,0.20659553831231814
WONDER MAN/SIMON WIL,神力人/西蒙·威廉姆斯,男,正派,变异,拥有超人的力量、速度、耐力、飞行能力，以及能量投射和离子形态转换能力。,否,0,复仇者联盟,汉克·皮姆,4,团队核心,WONDER MAN/SIMON WIL,0.1605361596009975,0.0104039632133151,14,0.8951097776142357,0.21553398058252426
COLOSSUS II/PETER RA,钢力士/彼得·拉斯普廷,男,正派,变异,全身可转变为有机钢形态，拥有超强力量、防御力、耐力及自愈能力，免疫毒素和疾病。,否,0,X战警,X教授,3,团队核心,COLOSSUS II/PETER RA,0.15928927680798,0.0079209914800249,4,0.8907387140116267,0.2172211350293542
MARVEL GIRL/JEAN GRE,惊奇女孩/琴·葛蕾,女,正派,变异,拥有强大的心灵感应和念动力，能读取思想、控制物体、飞行，体内蕴含凤凰之力，可释放毁灭性能量。,否,0,X战警,X教授,9,团队核心,MARVEL GIRL/JEAN GRE,0.1561720698254364,0.0129751033936525,4,0.9062095589041697,0.18762475049900199
HERCULES [GREEK GOD],赫拉克勒斯,男,正派,神力,奥林匹斯神族赋予的超级力量、耐力、不朽寿命和战斗技巧，能举起超过100吨重物。,否,0,复仇者联盟,宙斯,8,豪迈直率,HERCULES [GREEK GOD],0.1539900249376558,0.0097645036490522,14,0.8874272424104451,0.21963562753036436
"JARVIS, EDWIN",埃德温·贾维斯,男,正派,格斗,无超能力，但具备出色的管家技能、格斗技巧、忠诚品质和危机处理能力，是霍华德·斯塔克的得力助手。,是,2,斯塔克家族/神盾局,霍华德·斯塔克,1,忠诚管家,"JARVIS, EDWIN",0.1535224438902743,0.0104713620252413,0,0.9052515372869465,0.20406091370558377
SUB-MARINER/NAMOR MA,纳摩/纳摩·麦肯齐,男,中立,变异,亚特兰蒂斯混血，水下呼吸、超强力量、飞行、长寿，能控制海洋生物。,是,1,亚特兰蒂斯王国,无明确核心导师,7,孤傲/王者风范,SUB-MARINER/NAMOR MA,0.152431421446384,0.015433569187791,5,0.8982786885245901,0.02661207778915046
DAREDEVIL/MATT MURDO,夜魔侠/马修·默多克,男,正派,变异,因放射性物质导致双目失明，但其他感官超常增强，拥有雷达般的感知能力和卓越的格斗技巧。,是,0,捍卫者联盟,棍叟,4,双重身份,DAREDEVIL/MATT MURDO,0.1505610972568578,0.0234815835347792,18,0.9032536285521192,0.20496894409937888
ICEMAN/ROBERT BOBBY,冰人/罗伯特·路易斯·德雷克,男,正派,变异,欧米伽级变种人，能操控冰与冷，将身体转化为冰形态，制造冰结构，控制温度。,否,0,X战警,X教授,7,团队核心,ICEMAN/ROBERT BOBBY,0.1469763092269326,0.007927644457485,4,0.8835536402996265,0.22693531283138918
"FURY, COL. NICHOLAS",尼克·弗瑞,男,正派,科技,无超能力，依靠顶尖格斗技巧、战略头脑、高科技装备（如隐形战机、能量武器）及神盾局资源指挥全球行动。,是,约10部,神盾局,无明确核心导师,8,团队核心/孤傲/双重间谍,"FURY, COL. NICHOLAS",0.1435473815461346,0.0230104042487296,0,0.9061582400981919,0.20846905537459284
BLACK WIDOW/NATASHA,黑寡妇/娜塔莎·罗曼诺夫,女,正派,格斗,经过红房训练的世界顶级特工，精通多种格斗术、武器使用和间谍技巧，无超能力但身体素质远超常人。,是,8,复仇者联盟,克林特·巴顿（鹰眼）,7,双重间谍,BLACK WIDOW/NATASHA,0.1432356608478803,0.0116464799141667,14,0.8884289781684648,0.21871599564744287
"JAMESON, J. JONAH",J·乔纳·詹姆森,男,中立,格斗,无超能力，作为《号角日报》主编，拥有强大的媒体影响力、商业头脑和格斗技巧。,是,约5部,号角日报,无,2,固执/偏执/媒体操控者,"JAMESON, J. JONAH",0.1432356608478803,0.0271315332718508,18,0.9164195239212841,0.01958650707290533
QUICKSILVER/PIETRO M,快银/皮特罗·马克西莫夫,男,正派,变异,拥有超音速移动能力，反应速度极快，可制造冲击波和在水面奔跑。,是,2,复仇者联盟,万磁王,4,急躁冲动,QUICKSILVER/PIETRO M,0.1362219451371571,0.0066125577444115,14,0.8751379419713186,0.2391304347826087
NIGHTCRAWLER/KURT WA,夜行者/科特·瓦格纳,男,正派,变异,拥有瞬间传送能力，可在视线范围内或记忆地点间传送，伴有烟雾和硫磺味；具备超强敏捷性、攀爬能力和夜视能力，尾巴可用于抓握和战斗。,否,2,X战警,X教授,3,虔诚友善,NIGHTCRAWLER/KURT WA,0.1334164588528678,0.0085960555346099,4,0.8821774061321528,0.22897196261682243
"WATSON-PARKER, MARY",玛丽·简·沃森-帕克,女,正派,格斗,无超能力，但具备出色的格斗技巧、勇气和领导力，是蜘蛛侠的重要支持者。,否,0,蜘蛛侠相关团队,无,2,团队核心,"WATSON-PARKER, MARY",0.1243765586034912,0.028703847542277,18,0.9241925390640968,0.15037593984962405
HAVOK/ALEX SUMMERS,浩劫/亚历克斯·萨默斯,男,正派,变异,吸收宇宙能量并转化为强大的等离子爆炸，可从全身释放，需佩戴特殊制服控制能量。,否,0,X战警,查尔斯·泽维尔,6,责任感强/团队合作者,HAVOK/ALEX SUMMERS,0.1212593516209476,0.0318033821663809,4,0.872001270458854,0.23393316195372751
BLACK KNIGHT V/DANE,黑骑士五世/戴恩·惠特曼,男,正派,魔法/格斗,使用诅咒之剑乌木刃，拥有飞行、能量投射等魔法能力，精通中世纪格斗技巧。,是,1,复仇者联盟,黑骑士三世（珀西爵士）,4,孤傲/责任感强,BLACK KNIGHT V/DANE,0.1151807980049875,0.0039415602830326,14,0.8384545144504219,0.28416779431664413
QUASAR III/WENDELL V,类星体三世/温德尔·沃恩,男,正派,宇宙能量,通过量子手环操控量子能量，可飞行、发射能量束、创造能量场、进行星际旅行和能量吸收。,否,0,复仇者联盟,玛-维尔,4,团队核心,QUASAR III/WENDELL V,0.1137780548628428,0.005957167738224,14,0.843674013942913,0.2671232876712329
SHADOWCAT/KATHERINE,幻影猫/凯瑟琳·安妮·普莱德,女,正派,变异,身体可相位化，穿透固体物质，并携带他人或物体一同穿越。,否,0,X战警,X教授,3,团队核心,SHADOWCAT/KATHERINE,0.1117518703241895,0.0043516047605339,4,0.8540980030075657,0.2496513249651325
BLACK PANTHER/T'CHAL,黑豹/特查拉,男,正派,科技/神力,服用心形草后获得超人类体能、感官和敏捷性，并穿戴振金战衣提供防御和能量吸收释放能力。,是,5,复仇者联盟,特查卡,3,团队核心,BLACK PANTHER/T'CHAL,0.1106608478802992,0.0084962802024988,18,0.8548242913049524,0.2647887323943662
CRYSTAL [INHUMAN],水晶,女,正派,变异,能操控土、火、水、风四大元素，通过泰瑞根迷雾觉醒的异人族能力。,否,0,异人族皇室/神奇四侠,黑蝠王,4,团队核心,CRYSTAL [INHUMAN],0.1091022443890274,0.0052078889692092,14,0.8501900674432863,0.24285714285714285
PSYLOCKE/ELISABETH B,灵蝶/伊丽莎白·布拉多克,女,正派,变异,拥有心灵感应、心灵操控能力，能生成精神能量武器，具备超强格斗技巧。,否,0,X战警,X教授,6,孤傲,PSYLOCKE/ELISABETH B,0.1076995012468828,0.0041046769720073,4,0.8515908471234716,0.2272069464544139
NOVA/RICHARD RIDER,新星/理查德·赖德,男,正派,宇宙能量,通过新星头盔获得宇宙能量，拥有飞行、超强力量、能量发射、超光速飞行和能量吸收等能力。,否,0,新星军团,罗曼·戴,6,团队核心,NOVA/RICHARD RIDER,0.1056733167082294,0.0074190132821263,6,0.8539147636414339,0.23893805309734514
SILVER SURFER/NORRIN,银影侠/诺林·拉德,非人类,中立,宇宙能量,通过宇宙能量操控冲浪板飞行，吸收并释放宇宙能量，拥有超强力量和再生能力，能穿越太空。,否,0,无固定阵营,行星吞噬者,8,孤傲,SILVER SURFER/NORRIN,0.103647132169576,0.0191664949795563,14,0.8504031162242957,0.031578947368421054
DR. DOOM/VICTOR VON,毁灭博士/维克多·冯·杜姆,男,反派,科技/魔法,精通科技与魔法，拥有高科技装甲、能量发射、力场护盾、时间旅行等能力，是拉托维尼亚的独裁者。,否,0,无固定阵营（常作为反派或独立势力）,无明确核心导师,10,孤傲/独裁者,DR. DOOM/VICTOR VON,0.1008416458852867,0.0106124073365082,14,0.8395547920624363,0.16537867078825347
"ROBERTSON, JOE",乔·罗伯逊,男,正派,格斗,无超能力，作为《号角日报》主编，凭借新闻调查、领导力和坚定道德立场影响事件。,否,0,号角日报,无,1,正直坚定,"ROBERTSON, JOE",0.0999064837905236,0.012076849007804,18,0.8919413026521061,0.1996879875195008
CANNONBALL II/SAM GU,加农炮二世/山姆·顾,男,正派,变异,变种人能力，能够以超音速飞行并产生保护性力场，冲击力巨大。,否,0,X战警,X教授,4,团队核心,CANNONBALL II/SAM GU,0.0997506234413965,0.0071791678403273,4,0.8638595461658842,0.228125
"RICHARDS, FRANKLIN B",富兰克林·本杰明·理查兹,男,正派,宇宙能量,拥有近乎无限的现实扭曲能力，可创造口袋宇宙、操控时空、重塑物质与能量，是漫威宇宙中最强大的变种人之一。,否,0,神奇四侠,里德·理查兹,10,天真但强大,"RICHARDS, FRANKLIN B",0.0988154613466334,0.0038972142772753,5,0.8364804321716726,0.2854889589905363
FIRESTAR/ANGELICA JO,火星/安吉莉卡·乔,女,正派,变异,能够生成并控制微波辐射，产生高热、火焰和能量冲击，可飞行并免疫自身热量。,否,0,X战警,X教授,4,团队合作者,FIRESTAR/ANGELICA JO,0.0953865336658354,0.0061445181451931,6,0.8460575719649562,0.26143790849673204
GAMBIT/REMY LEBEAU,牌皇/雷米·勒博,男,正派,变异,能将动能注入物体使其爆炸，擅长使用扑克牌和长棍作为武器，拥有超强敏捷和格斗技巧。,否,0,X战警,暂无明确核心导师,5,魅力四射/亦正亦邪,GAMBIT/REMY LEBEAU,0.0949189526184538,0.0068216368942532,4,0.8470961887477314,0.2348111658456486
"CAGE, LUKE/CARL LUCA",卢克·凯奇/卡尔·卢卡斯,男,正派,变异,皮肤和骨骼经过化学实验强化，拥有刀枪不入的防御力、超人的力量和耐力，能承受爆炸和重击。,是,0,捍卫者联盟,无,4,团队核心,"CAGE, LUKE/CARL LUCA",0.0944513715710723,0.0099174442625668,2,0.8353980852630718,0.29207920792079206
NAMORITA/NITA PRENTI,纳摩丽塔/妮塔·普伦蒂,女,正派,变异,亚特兰蒂斯混血，拥有水下呼吸、超强力量、速度、耐力，以及飞行能力。,否,0,新勇士,纳摩,4,团队核心,NAMORITA/NITA PRENTI,0.0925810473815461,0.0062838308737424,6,0.8386109549684592,0.2676767676767677
USAGENT/CAPTAIN JOHN,美国特工/约翰·沃克,男,正派/反派（角色有转变）,科技/格斗,通过超级士兵血清获得增强的力量、速度、耐力和反应能力，精通格斗技巧和武器使用。,是,1（主要在剧集《猎鹰与冬兵》中）,美国政府/雷霆特工队,史蒂夫·罗杰斯（美国队长）,6,双重间谍/荣誉驱动,USAGENT/CAPTAIN JOHN,0.0910224438902743,0.0056666921258107,14,0.8438579383914095,0.0
"SUMMERS, NATHAN CHRI",镭射眼/斯科特·萨默斯,男,正派,变异,双眼可发射高能红色冲击光束，需佩戴特殊眼镜或面罩控制。,否,0,X战警,X教授,4,团队核心,"SUMMERS, NATHAN CHRI",0.0910224438902743,0.0090158067889635,4,0.8644587513804366,0.25
SERSI/SYLVIA,西尔维,女,反派,魔法,精通黑暗魔法，能操控能量、制造幻象、进行精神攻击，拥有强大的魔法战斗能力。,否,0,无固定阵营,无,7,孤傲,SERSI/SYLVIA,0.0903990024937655,0.0028848875301764,14,0.8163301768804717,0.13448275862068965
MOONDRAGON/HEATHER D,月龙/希瑟·道格拉斯,女,正派,宇宙能量,拥有强大的心灵感应、心灵控制、能量投射、飞行及精神攻击能力，能操控宇宙能量进行战斗。,否,0,银河护卫队,灭霸,7,孤傲,MOONDRAGON/HEATHER D,0.0889962593516209,0.0027944683072744,14,0.8010630780102621,0.29947460595446584
POLARIS/LORNA DANE,北极星/洛娜·戴恩,女,正派,变异,拥有操控磁场的变种人能力，可控制金属、飞行、生成电磁脉冲，是万磁王的女儿。,否,0,X战警,万磁王,6,孤傲,POLARIS/LORNA DANE,0.0875935162094763,0.0026038936630206,4,0.8201102505058964,0.25444839857651247
IRON FIST/DANIEL RAN,铁拳/丹尼尔·兰德,男,正派,格斗,通过昆仑训练获得铁拳之力，能将气集中在拳头上释放出超自然能量，精通武术和格斗技巧。,否,0,捍卫者联盟,雷公,4,孤傲,IRON FIST/DANIEL RAN,0.0855673316708229,0.0093298491246738,2,0.833652427107016,0.28415300546448086
FALCON/SAM WILSON,猎鹰/山姆·威尔逊,男,正派,科技,通过高科技飞行翼套装进行高速飞行，配备微型导弹、机枪等武器，并可与鸟类心灵感应沟通。,是,7,复仇者联盟,美国队长,3,团队核心,FALCON/SAM WILSON,0.0841645885286783,0.0025072407054015,0,0.8110698824984539,0.29259259259259257
"COOPER, DR. VALERIE",瓦莱丽·库珀博士,女,正派,科技,无超能力，但作为政府官员和科学家，擅长超人类事务管理与科技研发，拥有高级情报分析能力。,否,0,美国政府超人类事务部门,无,2,理性务实,"COOPER, DR. VALERIE",0.0838528678304239,0.0034120261116536,4,0.8250434397347234,0.27137546468401486
"JONES, RICHARD MILHO",理查德·米尔豪·琼斯,男,反派,变异,拥有超强再生能力，可快速愈合伤口，身体组织能抵抗极端伤害，但无法完全免疫致命攻击。,否,0,无固定阵营,无,4,孤傲,"JONES, RICHARD MILHO",0.0838528678304239,0.0062116768632353,7,0.8332814133316719,0.15427509293680297
BINARY/CAROL DANVERS,二进制/卡罗尔·丹弗斯,女,正派,宇宙能量,吸收并操控白洞能量，拥有超光速飞行、能量投射、宇宙感知等能力，可进入二进制状态大幅增强力量。,是,4,复仇者联盟,玛·威尔,9,团队核心,BINARY/CAROL DANVERS,0.0835411471321695,0.0038176478265146,0,0.8259310922025387,0.27798507462686567
WOLFSBANE/RAHNE SINC,狼毒/拉赫妮·辛克,女,正派,变异,变种人，能变身为狼或半狼形态，拥有超强力量、速度、敏捷和感官，以及快速自愈能力。,否,0,X战警,X教授,3,忠诚可靠,WOLFSBANE/RAHNE SINC,0.0835411471321695,0.0028318049563688,4,0.8031175896219835,0.2835820895522388
THUNDERSTRIKE/ERIC K,雷霆打击/埃里克·K,男,正派,神力,通过雷神之锤获得超人的力量、耐力、飞行能力，并能操控雷电和风暴。,否,0,复仇者联盟,索尔（雷神）,3,团队核心,THUNDERSTRIKE/ERIC K,0.083073566084788,0.0035200010718612,5,0.8097941852755717,0.275797373358349
CAPTAIN MARVEL II/MO,惊奇队长II/莫妮卡·兰博,女,正派,宇宙能量,吸收并操控各种形式的电磁能量，可转化为光能、热能、动能，实现飞行、能量投射、隐形、相位穿越等能力。,是,2,复仇者联盟,卡罗尔·丹弗斯,4,团队核心,CAPTAIN MARVEL II/MO,0.0826059850374064,0.0019081651153593,14,0.7985233798195241,0.30943396226415093
MAGNETO/MAGNUS/ERIC,万磁王/马克斯·艾森哈特/埃里克·兰谢尔,男,反派/中立,变异,能够操控磁场和金属，包括飞行、制造力场、控制铁元素等，是欧米茄级变种人。,否,约10部（主要在X战警系列电影中）,X战警（曾短暂加入）/变种人兄弟会,无明确核心导师，但查尔斯·泽维尔（X教授）是其重要对手和思想影响者。,9,孤傲/激进领袖,MAGNETO/MAGNUS/ERIC,0.0818266832917705,0.0025630919349372,4,0.8025081788440567,0.0
UATU,观察者乌阿图,非人类,中立,宇宙能量,拥有全知视角，能观察多元宇宙事件，但受誓言约束不得干预，具备超强防御和能量投射能力。,是,1,观察者,无,2,孤傲,UATU,0.0818266832917705,0.0025145728671074,14,0.785845147219193,0.045714285714285714
MOCKINGBIRD/DR. BARB,仿声鸟/芭芭拉·莫尔斯,女,正派,格斗,精通多种格斗术，擅长使用战斗棍，具备出色的间谍技能和战术分析能力。,否,0,神盾局,尼克·弗瑞,4,双重间谍,MOCKINGBIRD/DR. BARB,0.0812032418952618,0.0020711015293329,14,0.7954968256311826,0.31669865642994244
SUNSPOT/ROBERTO DACO,太阳黑子/罗伯托·达科斯塔,男,正派,变异,吸收太阳能转化为超强力量、飞行和热能释放，在阳光下能力增强，黑暗环境减弱。,否,0,X战警/新变种人,X教授,4,团队核心/自信,SUNSPOT/ROBERTO DACO,0.0808915211970074,0.0069077390521286,4,0.8366698655715996,0.24084778420038536
TIGRA/GREER NELSON,虎女/格里尔·纳尔逊,女,正派,变异,拥有猫科动物的超强感官、敏捷、力量、利爪和平衡能力，以及部分魔法抗性。,否,0,复仇者联盟,汉克·皮姆,3,团队核心,TIGRA/GREER NELSON,0.0802680798004987,0.0020733324275649,14,0.7816100638434513,0.3359223300970874
SPEEDBALL/ROBBIE BAL,速球/罗比·鲍德温,男,正派,变异,通过接触零物质获得能力，能产生动能场，吸收冲击并反弹，高速移动和跳跃。,否,0,新勇士,无,4,冲动易怒,SPEEDBALL/ROBBIE BAL,0.0782418952618453,0.0078401456335873,6,0.8079458612655168,0.2788844621513944
BANSHEE/SEAN CASSIDY,嚎叫/肖恩·卡西迪,男,正派,变异,拥有超音速声波能力，可发出破坏性声波攻击、进行声波飞行和回声定位。,否,0,X战警,X教授,3,团队核心,BANSHEE/SEAN CASSIDY,0.0780860349127182,0.0042821632059,4,0.8450778443113772,0.24550898203592814
"DUGAN, TIMOTHY ALOYI",蒂莫西·阿洛伊·杜根,男,正派,格斗,前美国陆军上校，神盾局高级特工，精通格斗、枪械和战术指挥，无超能力但经验丰富。,是,1,神盾局,尼克·弗瑞,3,忠诚可靠,"DUGAN, TIMOTHY ALOYI",0.0773067331670823,0.0069805864349633,0,0.8408765070055393,0.2661290322580645
"NELSON, FRANKLIN FOG",富兰克林·福格·纳尔逊,男,正派,格斗,作为夜魔侠的挚友兼法律合伙人，他是一名优秀的律师，没有超能力，但具备出色的法律素养、坚定的正义感和对朋友的忠诚。,是,0,尼尔森与默多克律师事务所,无,2,团队核心,"NELSON, FRANKLIN FOG",0.0773067331670823,0.0060087772416249,18,0.8479146301726947,0.2560483870967742
JUSTICE II/VANCE AST,正义二世/万斯·阿斯特,男,正派,变异,能够操纵动能，包括吸收、储存和释放动能，用于增强力量、速度或发射能量冲击波。,否,0,新勇士,夜鸫,4,团队核心,JUSTICE II/VANCE AST,0.0760598503740648,0.0043703175811435,6,0.836275961894503,0.27049180327868855
"PARKER, MAY",梅·帕克,女,正派,格斗,无超能力，但具备出色的格斗技巧和战斗经验，常作为蜘蛛侠彼得·帕克的精神支柱和家庭支持者。,是,3,无核心阵营,无,1,家庭核心,"PARKER, MAY",0.0759039900249376,0.0112234250087923,18,0.8802950794737242,0.16837782340862423
PUNISHER II/FRANK CA,惩罚者II/弗兰克·卡索,男,正派,格斗,无超能力，依靠顶尖军事训练、战术头脑、武器精通和坚韧意志进行战斗，擅长使用各种枪械和近身格斗。,否,0,独立行动/偶尔与神盾局合作,无固定导师,7,孤傲,PUNISHER II/FRANK CA,0.0752805486284289,0.0132886609862881,18,0.888774344303841,0.20082815734989648
DR. DRUID/ANTHONY LU,德鲁伊德博士/安东尼·卢,男,正派,魔法,精通古代德鲁伊魔法，能操控自然元素、进行预言占卜、施展精神控制和心灵感应。,否,0,复仇者联盟,梅林,4,神秘学者,DR. DRUID/ANTHONY LU,0.0748129675810473,0.0019482647259488,14,0.7689892136395268,0.3458333333333333
FORGE,锻造者,男,正派,科技,拥有与生俱来的发明创造天赋，能快速理解并制造任何科技设备，尤其擅长武器和机械装置。,否,0,X战警,X教授,4,孤傲,FORGE,0.0740336658354114,0.0020855421133942,4,0.7894648012436154,0.2968421052631579
IRON MAN IV/JAMES R.,钢铁侠四代/詹姆斯·R·罗兹,男,正派,科技,穿着高科技装甲，具备飞行、能量炮、超强防御和战术分析能力，装甲由斯塔克工业技术升级。,否,0,复仇者联盟,托尼·斯塔克,3,团队核心,IRON MAN IV/JAMES R.,0.0723192019950124,0.0062625603204696,0,0.8484583302301333,0.24568965517241378
CAPTAIN BRITAIN/BRIA,英国队长/布里亚,女,正派,魔法/神力,通过魔法护身符获得超人类力量、耐力、飞行能力，并能操控能量进行攻击和防御。,否,0,英国队长军团/复仇者联盟,梅林,4,团队核心/坚韧果敢,CAPTAIN BRITAIN/BRIA,0.0715399002493765,0.0042168622315815,4,0.774067414447584,0.3812636165577342
STARFOX/EROS,星狐/厄洛斯,男,正派,神力,永恒族成员，拥有飞行、超强力量、耐力，并能通过接触激发他人愉悦感，影响情绪。,是,1,永恒族,阿贾克,3,魅力型/享乐主义,STARFOX/EROS,0.071072319201995,0.0014730870271749,14,0.775062656641604,0.33771929824561403
SASQUATCH/WALTER LAN,大脚怪/沃尔特·兰,男,正派,变异,可变为巨大、毛茸茸的类人生物，拥有超强力量、耐力和再生能力，能抵御极端环境。,否,0,阿尔法战队,詹姆斯·麦克唐纳·哈德森（守护者）,4,团队核心,SASQUATCH/WALTER LAN,0.0709164588528678,0.0019934210344781,14,0.7476981168611125,0.34725274725274724
"MACTAGGERT, MOIRA KI",莫伊拉·金·麦克塔格特,女,正派,变异,拥有十次生命轮回的能力，每次死亡后会在出生时重生并保留所有记忆，可改变历史走向。,否,0,X战警,查尔斯·泽维尔,7,双重间谍,"MACTAGGERT, MOIRA KI",0.0702930174563591,0.0014585564490765,4,0.8177186499137719,0.2549889135254989
THUNDERBIRD II/JAMES,雷霆鸟二世/詹姆斯·普罗迪,男,正派,变异,拥有超人的力量、速度、耐力、感官和飞行能力，以及强大的能量吸收和释放能力。,否,0,X战警,X教授,4,团队核心,THUNDERBIRD II/JAMES,0.0701371571072319,0.0056706742687714,4,0.8407720861172977,0.24888888888888888
JUBILEE/JUBILATION L,欢欢/朱比莉,女,正派,变异,能够从双手发射出炫目的等离子能量球，产生爆炸和强光，并可通过情绪控制其强度。,否,0,X战警,金刚狼,3,活泼叛逆,JUBILEE/JUBILATION L,0.0699812967581047,0.0052358231853788,4,0.8372375119312758,0.24721603563474387
MEDUSA/MEDUSALITH AM,美杜莎/美杜莎莉丝·阿姆,女,正派,变异,拥有超强力量、速度、耐力，并能通过意念控制头发，使其成为可自由伸缩、强度极高的武器。,否,0,异人族,黑蝠王,4,团队核心,MEDUSA/MEDUSALITH AM,0.0698254364089775,0.0030987390841076,5,0.7773250239693192,0.32142857142857145
BEETLE/ABNER RONALD,甲虫/阿布纳·罗纳德,男,反派,科技,身穿高科技装甲，具备飞行、能量武器、增强力量与防御能力，装甲可变形适应不同战斗环境。,否,0,邪恶大师,无,5,雇佣兵/机会主义者,BEETLE/ABNER RONALD,0.069357855361596,0.0029487052277536,0,0.8145055167527078,0.1797752808988764
KARNAK [INHUMAN],卡尔纳克,男,正派,变异,异人族，拥有超凡的洞察力，能发现任何物体或系统的弱点，并精准攻击使其失效。,是,1,异人族,黑蝠王,3,冷静理性,KARNAK [INHUMAN],0.0692019950124688,0.0030677454390881,5,0.7800825656356131,0.32432432432432434
BLACK BOLT/BLACKANTO,黑蝠王/布莱克·博尔特,男,正派,变异,拥有通过声带释放毁灭性能量的能力，即使轻声细语也能造成巨大破坏，需长期保持沉默。,是,1,异人族皇室,阿贡,8,孤傲,BLACK BOLT/BLACKANTO,0.0690461346633416,0.0030972941369895,5,0.7769935548451018,0.3227990970654628
WONG,王,男,正派,魔法,精通秘术魔法，能开启传送门、制造能量武器、操控元素，是卡玛泰姬的资深法师和图书管理员。,是,约5部,至尊法师/卡玛泰姬,古一,3,沉稳可靠,WONG,0.0688902743142144,0.0057392407064498,14,0.8460717620381486,0.2737556561085973
KINGPIN/WILSON FISK,金并/威尔逊·菲斯克,男,反派,格斗,无超能力，但拥有远超常人的体格、力量、格斗技巧和极高的智力，是纽约地下犯罪帝国的首领。,是,0,无固定阵营，常作为蜘蛛侠、夜魔侠等街头英雄的主要对手。,无,9,控制欲强/幕后操纵者/双重身份,KINGPIN/WILSON FISK,0.0685785536159601,0.0064060918196237,18,0.8689066059225512,0.15454545454545454
GORGON [INHUMAN],戈耳工,男,正派,变异,拥有超强力量和耐力，双脚能引发地震波，是异人族皇室护卫队成员。,否,0,异人族皇室护卫队,黑蝠王,5,忠诚护卫,GORGON [INHUMAN],0.0682668329177057,0.0029576502982744,5,0.7710834561090039,0.3287671232876712
"MASTERS, ALICIA REIS",艾丽西亚·雷斯·马斯特斯,女,反派,科技,通过高科技装备增强体能和战斗技巧，擅长使用先进武器和战术分析，无超自然能力。,否,0,无固定核心阵营,无,3,孤傲,"MASTERS, ALICIA REIS",0.0681109725685785,0.0038510781558322,5,0.7795750845002414,0.17162471395881007
BOOMER/TABITHA SMITH,布姆/塔比莎·史密斯,女,反派,变异,能够从身体释放能量爆炸，通常表现为投掷能量球或制造冲击波，威力可调节。,否,0,地狱火俱乐部,塞巴斯蒂安·肖,4,叛逆,BOOMER/TABITHA SMITH,0.067643391521197,0.005094638348775,4,0.8409446472472621,0.08986175115207373
SCREAMING MIMI/MELIS,尖叫女妖/梅莉斯,女,反派,变异,拥有超强声波攻击能力，可发出破坏性音波，并具备一定格斗技巧和敏捷性。,否,0,邪恶大师,泽莫男爵,5,孤傲,SCREAMING MIMI/MELIS,0.0671758104738154,0.0028532241180764,0,0.8148060216910376,0.1902552204176334
MOONSTONE II/KARLA S,月光石二代/卡拉·索芬,女,反派,宇宙能量,通过月光石获得飞行、能量投射、密度操控、隐形和超强力量，能吸收并释放能量。,否,0,雷霆特工队,诺曼·奥斯本,7,野心勃勃/双重间谍,MOONSTONE II/KARLA S,0.0667082294264339,0.0023387014455035,0,0.8229223664339338,0.17523364485981308
LOKI [ASGARDIAN],洛基,男,反派,魔法/神力,精通阿斯加德魔法，擅长幻术、变形、心灵控制，拥有超强体能和寿命，能使用宇宙魔方等神器。,是,6,无固定阵营（曾短暂领导齐塔瑞军队）,奥丁,9,诡计多端/双重间谍,LOKI [ASGARDIAN],0.0660847880299251,0.0022571814639427,5,0.7857620768098488,0.1792452830188679
SHAMAN/MICHAEL TWOYO,萨满/迈克尔·图约,男,正派,魔法,能够操控自然元素、进行灵魂旅行、施展治疗法术，并拥有强大的精神感知能力。,否,0,阿尔法飞行队,无明确核心导师,4,沉稳内敛,SHAMAN/MICHAEL TWOYO,0.0660847880299251,0.0020569194009906,14,0.7317899995539499,0.375
ODIN [ASGARDIAN],奥丁,男,正派,神力,拥有奥丁之力，可操控宇宙能量、施展强大魔法、预知未来，是阿斯加德的神王。,是,3,阿斯加德,无,8,威严领袖,ODIN [ASGARDIAN],0.0657730673316708,0.0028462282857264,5,0.8012855872386893,0.2677725118483412
BLOB/FRED J. DUKES,肉球/弗雷德·J·杜克斯,男,反派,变异,拥有超强密度和重量，身体几乎无法移动，能吸收冲击并反弹攻击，皮肤极其坚韧。,否,0,变种人兄弟会,万磁王,4,孤傲,BLOB/FRED J. DUKES,0.0657730673316708,0.0022867312232871,4,0.79680516936655,0.15639810426540285
POWER MAN/ERIK JOSTE,神力侠/埃里克·乔斯特,男,反派,变异,拥有超人的力量、耐力和抗击打能力，能举起重物并承受强大冲击。,否,0,无固定核心阵营,无,4,孤傲,POWER MAN/ERIK JOSTE,0.0654613466334164,0.0026238093508091,0,0.8239231730878509,0.1976190476190476
TRITON,特里同,非人类,正派,变异,亚特兰蒂斯人，拥有水下呼吸、超强力量、速度、耐力，以及水下高速移动能力。,否,0,异人族,黑蝠王,3,忠诚护卫,TRITON,0.0653054862842892,0.0022062287632882,5,0.7617590298158066,0.3269689737470167
NORTHSTAR/JEAN-PAUL,北极星/让-保罗·博利尔,男,正派,变异,变种人，能超音速飞行，发射强光，拥有超人类体能和反应速度。,否,0,X战警,X教授,3,孤傲,NORTHSTAR/JEAN-PAUL,0.0653054862842892,0.0028448588837739,14,0.7244064815977892,0.360381861575179
"LEEDS, BETTY BRANT",贝蒂·布兰特·利兹,女,正派,格斗,无超能力，作为记者和蜘蛛侠的盟友，具备调查能力和基础格斗技巧。,否,0,无固定核心阵营,无,1,调查型盟友,"LEEDS, BETTY BRANT",0.064214463840399,0.0059922964422197,18,0.864632792384192,0.17233009708737865
SPIDER-WOMAN II/JULI,蜘蛛女侠II/朱莉,女,正派,变异,拥有蜘蛛感应、超强力量与敏捷、手腕发射生物电蛛丝、爬墙能力，并具备飞行能力。,否,0,复仇者联盟,杰西卡·德鲁,4,团队核心,SPIDER-WOMAN II/JULI,0.0639027431421446,0.0023760564650603,14,0.7844713459359532,0.2634146341463415
ANT-MAN II/SCOTT HAR,蚁人II/斯科特·朗,男,正派,科技,通过皮姆粒子战衣缩小或放大身体，控制蚂蚁，在亚原子尺度穿梭，拥有超强力量和敏捷性。,是,5,复仇者联盟,汉克·皮姆,3,团队核心,ANT-MAN II/SCOTT HAR,0.0637468827930174,0.0021261111193917,5,0.7536195407258258,0.3251833740831296
"URICH, BEN",本·尤里克,男,正派,格斗,无超能力，是经验丰富的调查记者，擅长挖掘真相和揭露腐败，具备出色的调查技巧和坚韧的品格。,否,0,无,无,1,正直坚韧,"URICH, BEN",0.0632793017456359,0.0039741395102882,18,0.8701696770662288,0.16748768472906403
AURORA/JEANNE-MARIE,极光/珍妮-玛丽,女,正派,变异,拥有光速飞行、发射强光、制造光能爆炸和光能护盾的能力，并能通过光能影响他人情绪。,否,0,阿尔法战队,詹姆斯·麦克唐纳·赫德森,4,双重人格,AURORA/JEANNE-MARIE,0.0631234413965087,0.001953891719304,14,0.7106466202175773,0.37777777777777777
"GYRICH, HENRY PETER",亨利·彼得·吉里奇,男,反派,科技,使用先进科技武器和装备，包括能量武器、飞行装置和防护服，无超能力但技术高超。,否,0,九头蛇,红骷髅,6,忠诚执行者,"GYRICH, HENRY PETER",0.0625,0.0055614919688259,0,0.7925935162094763,0.17206982543640897
MIRAGE II/DANIELLE M,幻影二代/丹妮尔·M,女,正派,变异,能够投射逼真的三维全息影像，用于迷惑敌人、制造幻象和战术欺骗，影像具有触感和声音。,否,0,新变种人,幻影（米拉吉·圣约翰）,3,团队合作者,MIRAGE II/DANIELLE M,0.0618765586034912,0.0045959626434807,4,0.8024959926723151,0.28463476070528965
PHOENIX III/RACHEL S,凤凰三/瑞秋·萨默斯,女,正派,宇宙能量,拥有凤凰之力碎片，可操控宇宙能量、心灵感应、预知未来、能量投射及飞行。,否,0,X战警,琴·葛蕾,8,孤傲,PHOENIX III/RACHEL S,0.061720698254364,0.0025054846773378,4,0.7957038741848869,0.2727272727272727
GALACTUS/GALAN,行星吞噬者/加兰,非人类,中立,宇宙能量,拥有宇宙级力量，能吞噬行星能量维持生命，操控物质与能量，创造生命与宇宙实体。,否,0,无固定阵营,无,10,孤傲,GALACTUS/GALAN,0.061720698254364,0.0018917918664078,14,0.7338703490602225,0.045454545454545456
MEPHISTO,墨菲斯托,非人类,反派,魔法,地狱维度领主，拥有强大的魔法、变形、操控灵魂、现实扭曲等能力，几乎不朽。,否,0,地狱领主,无,9,狡诈操纵者,MEPHISTO,0.0614089775561097,0.0032913556896034,5,0.7869570271631727,0.1319796954314721
MYSTIQUE/RAVEN DARKH,魔形女/瑞雯·达克霍姆,女,反派,变异,拥有变形能力，可以完美模仿任何人的外貌、声音和体型，具备超强自愈能力和格斗技巧。,否,约10部,X战警/变种人兄弟会,万磁王,7,双重间谍/孤傲,MYSTIQUE/RAVEN DARKH,0.0614089775561097,0.0019814468010317,4,0.7977680474289921,0.1116751269035533
LOCKJAW [INHUMAN],锁齿狗,非人类,正派,变异,拥有心灵传送能力，能传送自身及他人，体型巨大但性格温顺，是异人族皇室宠物。,是,1,异人族皇室,黑蝠王,2,忠诚伙伴,LOCKJAW [INHUMAN],0.0614089775561097,0.0023042647565637,5,0.7546402138954547,0.3477157360406091
"HUDSON, HEATHER",希瑟·哈德森,女,正派,科技,作为神盾局特工，拥有高级格斗技能、武器使用和战术分析能力，无超自然力量。,否,0,神盾局,尼克·弗瑞,3,忠诚可靠,"HUDSON, HEATHER",0.0612531172069825,0.0027609340412159,14,0.7724853300098665,0.2595419847328244
WHITE QUEEN/EMMA FRO,白皇后/艾玛·弗罗斯特,女,正派/反派,变异,拥有强大的心灵感应能力，能读取思想、控制他人心智、制造心灵幻象，并能将身体转化为钻石形态，增强防御力。,否,0,X战警,查尔斯·泽维尔,7,孤傲/双重间谍,WHITE QUEEN/EMMA FRO,0.0610972568578553,0.0038800476881588,4,0.8187013936009186,0.0
HOGUN [ASGARDIAN],霍根（仙宫战士）,男,正派,神力,拥有阿斯加德人的超人体质，包括超强力量、耐力、寿命和战斗技巧，精通多种武器，尤其是战锤。,是,3,仙宫三勇士,奥丁,4,忠诚战士,HOGUN [ASGARDIAN],0.0610972568578553,0.0020177825996252,5,0.7888720705673573,0.288265306122449
FANDRAL [ASGARDIAN],范达尔（阿斯加德人）,男,正派,神力,作为阿斯加德人，拥有超人的力量、速度、耐力和寿命，精通剑术和格斗技巧。,是,2,仙宫三勇士,奥丁,3,风流倜傥,FANDRAL [ASGARDIAN],0.0610972568578553,0.0020238464042612,5,0.7888981679628373,0.288265306122449
"NORRISS, SISTER BARB",芭芭修女,女,正派,魔法,作为魔法师，她掌握多种魔法，包括能量投射、传送和防御法术，是魔法领域的专家。,否,0,魔法师团体,古一,3,团队核心,"NORRISS, SISTER BARB",0.0604738154613466,0.0013860180582895,14,0.7317989291137217,0.36082474226804123
NIGHT THRASHER/DUANE,夜行侠/杜安,男,正派,格斗,无超能力，依靠高科技装备（如动力装甲、滑板）和精湛的武术进行战斗。,否,0,新勇士,无明确核心导师,4,团队核心,NIGHT THRASHER/DUANE,0.0596945137157107,0.0029782079799248,6,0.8214017196834033,0.2558746736292428
SIF,希芙,女,正派,神力,拥有阿斯加德神族的超强力量、耐力、战斗技巧和长寿，是阿斯加德最杰出的女战士之一。,是,2,阿斯加德,奥丁,3,忠诚战士,SIF,0.0590710723192019,0.0019690238180763,5,0.7833898730996356,0.2691292875989446
SUNFIRE/SHIRO YOSHID,太阳火/志志雄真实,男,正派,变异,能产生并操控等离子体火焰，飞行，吸收太阳能增强能力，免疫高温。,否,0,X战警,X教授,6,孤傲,SUNFIRE/SHIRO YOSHID,0.0589152119700748,0.00452594449892,14,0.7304394200945925,0.3915343915343915
SANDMAN/WILLIAM BAKE,沙人/威廉·贝克,男,反派,变异,身体可转化为沙状物质，随意变形、重组、硬化，控制沙子攻击或防御。,否,0,邪恶六人组,无,7,孤傲,SANDMAN/WILLIAM BAKE,0.0586034912718204,0.0013858491335496,18,0.7859574468085107,0.14627659574468085
DAZZLER II/ALLISON B,炫光女侠II/艾莉森·B,女,正派,变异,能将声波转化为强光、激光等光能形式，用于攻击、防御、照明或制造幻象。,否,0,X战警,X教授,3,团队核心,DAZZLER II/ALLISON B,0.0584476309226932,0.0024001678428946,4,0.7231087344028521,0.368
THANOS,灭霸,非人类,反派,神力/宇宙能量,拥有宇宙级力量、耐力、再生能力，能操控宇宙立方、无限宝石等神器，精通战略与科技。,是,5,黑暗教团,死亡女神,10,孤傲/独裁者,THANOS,0.0576683291770573,0.002174449766603,14,0.7226397128836153,0.1
PHARAOH RAMA-TUT,法老拉玛图特,男,反派,科技,来自31世纪的征服者康的变体，利用未来科技统治古埃及，拥有先进武器和时间旅行能力。,否,0,无固定阵营,无,8,孤傲,PHARAOH RAMA-TUT,0.0575124688279301,0.0028733963923243,14,0.7234741369152822,0.18157181571815717
PUCK/EUGENE MILTON J,帕克/尤金·米尔顿·J,男,正派,变异,因实验获得超强耐力、敏捷和力量，体型矮小但格斗技巧高超，能承受巨大冲击。,否,0,阿尔法战队,无明确核心导师,3,团队合作者,PUCK/EUGENE MILTON J,0.0575124688279301,0.0026199940047099,14,0.7543006951808648,0.2926829268292683
SIRYN/THERESA ROURKE,女妖/特蕾莎·鲁尔克,女,正派,变异,拥有强大的声波操控能力，能发出超声波攻击、制造声波护盾、进行声波飞行和催眠等。,否,0,X战警,X教授,4,团队核心,SIRYN/THERESA ROURKE,0.0568890274314214,0.0045171525171334,4,0.8236037934668072,0.2328767123287671
HELLCAT/PATSY WALKER,地狱猫/帕齐·沃克,女,正派,魔法,通过魔法获得超人类力量、速度、敏捷度、感知力和心灵感应能力，能进行灵魂出窍和附身。,否,0,捍卫者联盟,女巫阿加莎·哈克尼斯,3,双重身份,HELLCAT/PATSY WALKER,0.0567331670822942,0.002002647183138,14,0.7018890200708383,0.35714285714285715
BISHOP /,毕肖普 / 卢卡斯·毕肖普,男,正派,变异,能够吸收并重新定向各种形式的能量，包括动能、热能、电能等，将其转化为自身力量或释放攻击。,否,0,X战警,X教授,5,团队核心,BISHOP /,0.0557980049875311,0.0076893418887699,4,0.783625181916342,0.3016759776536313
SPIDER-MAN CLONE/BEN,蜘蛛侠克隆体/本·莱利,男,正派,变异,拥有与蜘蛛侠彼得·帕克相似的超能力，包括蜘蛛感应、超强力量与敏捷、爬墙能力，并能发射有机蛛丝。,否,0,新勇士,彼得·帕克,3,双重身份,SPIDER-MAN CLONE/BEN,0.0551745635910224,0.00904618071124,18,0.8657191786303036,0.18926553672316385
"HARKNESS, AGATHA",阿加莎·哈克尼斯,女,反派,魔法,精通混沌魔法和古老巫术，能操控能量、变形、精神控制及吸收他人魔法力量。,是,1,无固定阵营,无明确导师,8,伪装欺骗,"HARKNESS, AGATHA",0.0551745635910224,0.0008065351545503,14,0.7161857204590195,0.12994350282485875
BALDER [ASGARDIAN],巴尔德尔,男,正派,神力,拥有超凡的阿斯加德神族力量、耐力、速度与再生能力，是光明与纯净之神，对多数攻击免疫。,否,0,阿斯加德,奥丁,2,光明磊落,BALDER [ASGARDIAN],0.0547069825436409,0.0013130653053445,5,0.7653072853072853,0.2905982905982906
DARKHAWK/CHRIS POWEL,暗鹰/克里斯·鲍威尔,男,正派,科技,通过暗鹰护甲获得飞行、超级力量、能量冲击、隐形和快速自愈能力，并能切换至能量形态。,否,0,新勇士,无明确核心导师,4,孤傲,DARKHAWK/CHRIS POWEL,0.0547069825436409,0.0051048680406773,14,0.7439316239316239,0.3190883190883191
VOLSTAGG,沃斯塔格,男,正派,神力,作为阿斯加德人，拥有远超常人的力量、耐力、寿命和战斗技巧，是仙宫三勇士之一。,是,3,仙宫三勇士/阿斯加德,奥丁,3,忠诚伙伴,VOLSTAGG,0.0543952618453865,0.0016005900887644,5,0.8047294404373744,0.24068767908309455
LIVING LIGHTNING/MIG,活体闪电/米格尔·桑托斯,男,正派,变异,能够将身体转化为电流形态，进行高速移动、飞行、释放电击，并免疫物理攻击。,否,0,复仇者联盟,托尼·斯塔克（钢铁侠）,3,团队核心,LIVING LIGHTNING/MIG,0.0543952618453865,0.0011564428420246,14,0.7206797747258176,0.28939828080229224
"THOMPSON, EUGENE FLA",尤金·“闪电”·汤普森,男,正派,变异,被共生体附身后获得超强力量、速度、敏捷性及自愈能力，并可生成共生体武器。,是,2,复仇者联盟,彼得·帕克（蜘蛛侠）,4,团队核心,"THOMPSON, EUGENE FLA",0.0542394014962593,0.0031559805122184,18,0.8428069826758091,0.16379310344827586
"BANNER, BETTY ROSS T",贝蒂·罗斯·塔尔博特,女,正派,科技,作为科学家，她本身没有超能力，但曾短暂通过伽马辐射实验获得类似女浩克的变身能力。,是,2,美国军方/神盾局相关,布鲁斯·班纳,3,理性支持者,"BANNER, BETTY ROSS T",0.0534600997506234,0.0030097626733352,7,0.7762774282645389,0.3206997084548105
HUMAN TORCH ANDROID/,霹雳火机器人,非人类,反派,科技,拥有与霹雳火相似的火焰能力，包括飞行、火焰投射和高温免疫，但由人工智能控制，缺乏自主意识。,否,0,无固定阵营,无,4,无社交,HUMAN TORCH ANDROID/,0.0533042394014962,0.0019891989641506,2,0.7921146953405018,0.14035087719298245
CITIZEN V II/HELMUT,公民V二世/赫尔穆特,男,反派,科技,使用高科技武器和装甲，包括能量武器、飞行能力和增强体能，无超能力。,否,0,雷霆特工队,泽莫男爵,6,双重间谍,CITIZEN V II/HELMUT,0.0523690773067331,0.0023579364757553,0,0.7953091684434968,0.18452380952380953
LILANDRA NERAMANI [S,莉兰德拉·尼拉玛尼,女,正派,宇宙能量,拥有强大的心灵感应和预知能力，能操控精神能量，作为希阿帝国女皇具备星际领导力。,否,0,X战警/希阿帝国,X教授,7,星际领袖/外交家,LILANDRA NERAMANI [S,0.0520573566084788,0.0014973660730734,4,0.7172501843160526,0.3562874251497006
DOMINO III/BEATRICE/,多米诺三世/碧翠丝,女,正派,变异,拥有概率操控能力，能下意识地影响事件发生的概率，使幸运偏向自己或队友，同时具备出色的战斗技巧。,否,0,X特攻队,死侍,4,冷静务实,DOMINO III/BEATRICE/,0.0519014962593516,0.0030639555475923,4,0.8371142226563913,0.19519519519519518
HIGH EVOLUTIONARY/HE,至高进化/赫伯特·温德姆,男,反派,科技,通过基因工程改造自身和生物，拥有超级智力、再生能力和能量投射能力。,是,1,独立/自创阵营,无明确核心导师,9,孤傲/控制狂,HIGH EVOLUTIONARY/HE,0.0519014962593516,0.0020759647702851,5,0.7586200658489815,0.12612612612612611
"CARTER, PEGGY",佩吉·卡特,女,正派,格斗,无超能力，但拥有卓越的格斗技巧、战略头脑和领导能力，是神盾局创始人之一。,是,4,神盾局,无,2,团队核心,"CARTER, PEGGY",0.0517456359102244,0.0011104963183343,0,0.784224511338405,0.2740963855421687
"KNIGHT, MISTY",米斯蒂·奈特,女,正派,格斗,前纽约警察局警官，无超能力，但精通格斗技巧、枪械使用和侦探技能，拥有机械仿生手臂增强力量。,否,0,捍卫者联盟/夜魔侠盟友,无特定核心导师,3,坚韧独立,"KNIGHT, MISTY",0.0517456359102244,0.0028079351450517,2,0.8207330833909656,0.2740963855421687
JACK OF HEARTS/JACK,红心杰克,男,正派,宇宙能量,能够吸收并释放宇宙能量，飞行，能量爆炸，增强力量，但能量过载时可能失控。,否,0,复仇者联盟,钢铁侠,6,孤傲,JACK OF HEARTS/JACK,0.0515897755610972,0.0016534284315237,14,0.6683145655955324,0.4380664652567976
KA-ZAR/KEVIN PLUNDER,凯-扎尔/凯文·普兰德,男,正派,格斗,无超能力，但拥有卓越的生存技能、丛林战斗技巧和与野兽沟通的能力，常与剑齿虎扎布为伴。,否,0,野蛮之地守护者,无明确导师,3,孤傲,KA-ZAR/KEVIN PLUNDER,0.0512780548628428,0.001217313100503,14,0.7078545481503447,0.41033434650455924
"ROSS, GEN. THADDEUS",撒迪厄斯·“雷霆”·罗斯将军,男,中立/反派,科技/变异,通过科技手段（如反浩克装甲）或血清变异（如红巨人）获得超级力量、耐力与再生能力。,是,4,美国军方/雷霆特工队,无明确核心导师,7,强硬/固执/军方权威,"ROSS, GEN. THADDEUS",0.0511221945137157,0.0024395023818478,7,0.7689080331170284,0.0
DARKSTAR/LAYNIA SERG,暗星/莱妮亚·瑟格,女,反派,宇宙能量,能够操控暗能量，制造黑暗领域、能量爆炸和传送，并能吸收光线和能量攻击。,否,0,苏联超级士兵团队（如Winter Guard等）,红卫兵,6,孤傲,DARKSTAR/LAYNIA SERG,0.0511221945137157,0.0006169350774625,0,0.6424255985679123,0.17378048780487804
LOCKHEED,洛克希德,非人类,正派,变异,小型紫色外星龙，能飞行、喷火、隐形，智力高，会说英语，是X战警成员凯蒂·普莱德的宠物和伙伴。,否,0,X战警,凯蒂·普莱德（幻影猫）,3,忠诚伙伴,LOCKHEED,0.0503428927680798,0.0005568872458014,4,0.7392842720612272,0.30959752321981426
STRONG GUY/GUIDO CAR,壮汉/圭多·卡,男,正派,变异,拥有超强力量和耐力，能将受到的动能冲击转化为肌肉质量，体型随战斗增强。,否,0,X因子,X教授,4,团队核心,STRONG GUY/GUIDO CAR,0.0501870324189526,0.0006096599018062,14,0.6827073779532129,0.3167701863354037
"OSBORN, LIZ ALLAN",莉兹·艾伦·奥斯本,女,中立,格斗,无超能力，但具备出色的商业头脑、领导能力和格斗技巧，作为企业家和母亲活跃。,否,0,奥斯本家族/无核心团队,诺曼·奥斯本,3,坚韧独立,"OSBORN, LIZ ALLAN",0.0498753117206982,0.0029853649288477,18,0.8234326018808777,0.028125
ENCHANTRESS/AMORA/HE,魅惑女巫/阿莫拉,女,反派,魔法,强大的魔法师，擅长魅惑、幻术、能量投射和飞行，寿命极长，精通多种黑魔法。,否,0,无固定核心阵营（常作为独立反派或与洛基等合作）,无明确核心导师,7,孤傲/操纵者,ENCHANTRESS/AMORA/HE,0.0495635910224438,0.0011557483831768,5,0.7277344602503819,0.20754716981132076
ETERNITY/ADAM QADMON,永恒/亚当·卡德蒙,非人类,中立,宇宙能量,作为宇宙实体，代表整个漫威宇宙的时间与空间，拥有近乎无限的宇宙级力量，能操控现实、时间、空间和生命。,是,1,宇宙实体,无,10,孤傲,ETERNITY/ADAM QADMON,0.0492518703241895,0.0006626720769445,14,0.6541089009443439,0.05063291139240506
MEGGAN,梅根,女,正派,魔法,拥有强大的魔法能力，能与自然元素沟通，可变形、飞行、能量投射，并能感知和影响他人情绪。,否,0,英国队长军团,梅林,4,温和共情,MEGGAN,0.0490960099750623,0.0007967686695907,4,0.7748458194318066,0.3047619047619048
RHINO,犀牛人,男,反派,科技,身穿重型犀牛装甲，拥有超人的力量、耐力、速度和防御力，能发起强力冲锋攻击。,否,0,邪恶六人组,章鱼博士,6,暴躁易怒,RHINO,0.0483167082294264,0.0026595165417894,18,0.7679298465393047,0.18064516129032257
MULTIPLE MAN/JAMES A,分身人/詹姆斯·亚瑟·马多克斯,男,正派,变异,能够通过意念制造出多个物理实体分身，每个分身拥有独立意识但共享记忆与经验，分身消失后经验回归本体。,否,0,X因子,X教授,3,团队合作者,MULTIPLE MAN/JAMES A,0.0481608478802992,0.0008805093259632,4,0.6821123859958811,0.3365695792880259
DOC SAMSON/DR. LEONA,萨姆森博士/莱昂娜博士,女,正派,变异,通过伽马辐射获得超强力量、耐力、再生能力和绿色长发，能控制伽马能量。,否,0,复仇者联盟,布鲁斯·班纳（浩克）,4,理性冷静,DOC SAMSON/DR. LEONA,0.0472256857855361,0.0013088954755693,7,0.6796057089152624,0.3927392739273927
GUARDIAN/JAMES MACDO,守护者/詹姆斯·麦克唐纳,男,正派,科技,穿着高科技动力装甲，具备飞行、能量护盾、超级力量、能量冲击波等能力，装甲提供生命维持和战术分析功能。,否,0,阿尔法飞行队,无明确核心导师,3,团队核心,GUARDIAN/JAMES MACDO,0.0472256857855361,0.0012371084312311,14,0.6793652875221297,0.42574257425742573
NOVA II/FRANKIE RAYE,新星二代/弗兰基·雷,女,正派,宇宙能量,通过新星头盔获得宇宙能量，可飞行、发射能量冲击、增强力量与耐力，并能在太空生存。,否,0,新星军团,理查德·赖德（新星一代）,5,团队合作者,NOVA II/FRANKIE RAYE,0.0469139650872817,0.0007851949828793,14,0.6550387596899225,0.3754152823920266
"JAMESON, COL. JOHN",约翰·詹姆森上校,男,正派,变异,通过实验获得超强力量、耐力、飞行能力，但受月光影响会变成狼人形态。,否,0,美国陆军/神盾局,无明确核心导师,4,军人作风/责任感强,"JAMESON, COL. JOHN",0.0469139650872817,0.0020733400325629,18,0.8133111849390919,0.22591362126245848
CYPHER/DOUG RAMSEY,密码/道格·拉姆齐,男,正派,变异,天生能理解所有语言（包括人类语言、计算机代码、外星语言等），并能快速分析复杂信息。,否,0,X战警,X教授,2,内向学者,CYPHER/DOUG RAMSEY,0.0469139650872817,0.0009014455476979,4,0.7145736434108527,0.3554817275747508
BLACK CAT/FELICIA HA,黑猫/费莉西亚·哈代,女,中立,变异,通过实验获得增强的敏捷性、平衡感、反应速度和运气，擅长格斗与盗窃技巧。,否,0,无固定核心阵营，常与蜘蛛侠或反英雄合作,无明确核心导师,4,亦正亦邪/独立行动者,BLACK CAT/FELICIA HA,0.0467581047381546,0.0026692713685965,18,0.7379933110367893,0.03666666666666667
MAKKARI/MIKE KHARY/I,马卡里/迈克·卡里/我,女,正派,神力,永恒族成员，拥有超光速移动能力，能通过振动分子穿越物体，感知时间流异常。,是,1,永恒族,阿贾克,4,孤傲,MAKKARI/MIKE KHARY/I,0.0466022443890274,0.0016073209474939,5,0.7639334695068574,0.2976588628762542
PALADIN/PAUL DENNIS,圣骑士/保罗·丹尼斯,男,中立,科技,穿戴高科技动力装甲，具备超级力量、飞行能力和能量武器，精通战术与格斗技巧。,否,0,雇佣兵/独立行动者,无固定导师,4,孤傲/雇佣兵风格,PALADIN/PAUL DENNIS,0.0466022443890274,0.0010170568006829,0,0.6899957352247985,0.026755852842809364
DRAX/ARTHUR DOUGLAS,德拉克斯/亚瑟·道格拉斯,男,正派,变异,超强力量、耐力、飞行能力，对灭霸有强烈复仇执念，身体经过改造增强。,是,5,银河护卫队,星爵,4,直率鲁莽,DRAX/ARTHUR DOUGLAS,0.0466022443890274,0.000694337910929,14,0.6319723462997464,0.3612040133779264
"TILBY, TRISH/PATRICI",帕特里夏·“翠西”·蒂尔比,女,正派,科技,作为神盾局特工，她精通情报分析、战术规划和格斗技巧，主要依靠高科技装备和特工训练执行任务。,否,0,神盾局,菲尔·科尔森,3,团队协作,"TILBY, TRISH/PATRICI",0.0464463840399002,0.0018674312497226,4,0.74067294872664,0.3523489932885906
WARLOCK II/ADAM WARL,术士亚当/亚当·沃洛克,非人类,正派,宇宙能量,拥有宇宙能量操控能力，可飞行、能量投射、物质重组、超强再生，并能感知宇宙平衡。,是,1,银河护卫队,至高进化,8,孤傲,WARLOCK II/ADAM WARL,0.0464463840399002,0.0005693516633299,14,0.6370641538426773,0.36577181208053694
PYRO/ALLERDYCE JOHNN,火人/约翰·阿勒代斯,男,反派,变异,能够通过意念控制火焰，但不能自行产生火焰，需借助外部火源。,否,0,变种人兄弟会,万磁王,6,叛逆激进,PYRO/ALLERDYCE JOHNN,0.046290523690773,0.0008464115354983,4,0.732937482937483,0.1447811447811448
MOLE MAN/HARVEY RUPE,鼹鼠人/哈维·鲁普,男,反派,变异,拥有超强力量、耐久力，能控制地下的巨型生物和怪物，擅长地下作战。,否,0,无固定阵营,无,4,孤僻,MOLE MAN/HARVEY RUPE,0.0459788029925187,0.0018586916518399,14,0.6842384411391675,0.20677966101694914
FIXER II/PAUL NORBER,修复者二世/保罗·诺伯,男,反派,科技,精通电子工程和机械技术，擅长制造和操控高科技武器、设备及机器人，无超自然能力。,否,0,雷霆特工队,泽莫男爵,6,孤傲,FIXER II/PAUL NORBER,0.0459788029925187,0.0014228085370294,0,0.7747722817940735,0.18983050847457628
GHOST RIDER III/DAN,恶灵骑士III/丹尼尔·凯奇,男,正派,魔法,被复仇之灵扎坦诺斯附体，可召唤地狱火摩托车，使用审判之眼和锁链攻击，拥有超强再生能力。,否,0,午夜之子,强尼·布雷泽,7,孤傲,GHOST RIDER III/DAN,0.0458229426433915,0.0089758210259369,8,0.8303731048733487,0.2857142857142857
SPIDER-WOMAN/JESSICA,蜘蛛女侠/杰西卡·德鲁,女,正派,变异,拥有蜘蛛感应、超强力量与敏捷、攀爬墙壁、生物电击、飞行能力（通过滑翔翼）等。,否,0,复仇者联盟,尼克·弗瑞,4,双重间谍,SPIDER-WOMAN/JESSICA,0.0455112219451371,0.0024255535425261,14,0.6846490608671092,0.4417808219178082
HELA [ASGARDIAN],海拉,女,反派,神力,阿斯加德死亡女神，拥有强大的神力，能召唤亡灵军团，操控阿斯加德能量，近乎不朽。,是,1,无,奥丁,9,孤傲,HELA [ASGARDIAN],0.0453553615960099,0.0011554059785258,5,0.7053205356084844,0.14776632302405499
"PAGE, KAREN",凯伦·佩吉,女,正派,格斗,无超能力，但具备出色的法律知识、调查能力和格斗技巧，作为夜魔侠的盟友和恋人提供关键支持。,是,0,夜魔侠盟友,马特·默多克（夜魔侠）,3,坚韧独立,"PAGE, KAREN",0.0448877805486284,0.0028408067641909,18,0.8199767711962834,0.22569444444444445
JOLT/HALLIE TAKAHAMA,电击/哈利·高滨,女,正派,变异,能产生和操控强大的电流与电磁场，用于攻击、防御和飞行。,否,0,雷霆特工队,泽莫男爵,3,团队合作者,JOLT/HALLIE TAKAHAMA,0.0444201995012468,0.0010943894623216,0,0.785124783790462,0.18596491228070175
STINGRAY/DR. WALTER,黄貂鱼/沃尔特·纽厄尔博士,男,正派,科技,通过特制潜水服获得水下高速移动、能量冲击波发射、深海压力抵抗和增强力量的能力。,否,0,复仇者联盟,托尼·斯塔克（钢铁侠）,3,团队合作者,STINGRAY/DR. WALTER,0.0441084788029925,0.0009110244865699,14,0.6112572989499536,0.4452296819787986
"O'BRIEN, MICHAEL",迈克尔·奥布莱恩,男,正派,科技,作为神盾局特工，精通高科技装备使用、战术指挥和情报分析，无超自然能力。,否,0,神盾局,尼克·弗瑞,3,团队核心,"O'BRIEN, MICHAEL",0.0439526184538653,0.0005472923317305,0,0.6432195048080563,0.4574468085106383
MS. MARVEL II/SHARON,惊奇女士II/莎伦·卡特,女,正派,科技,经过超级士兵血清强化，拥有超越常人的力量、速度、耐力和反应能力，精通多种格斗技巧和武器使用。,是,3,神盾局,佩吉·卡特,4,忠诚干练,MS. MARVEL II/SHARON,0.0437967581047381,0.0003785915155658,14,0.6783934926283681,0.3736654804270463
JUGGERNAUT/CAIN MARK,红坦克/凯恩·马可,男,反派,神力,通过魔法宝石获得近乎无敌的力量和防御，能持续冲锋无法被阻挡，但精神易受攻击。,否,0,X战警反派,无,8,孤傲,JUGGERNAUT/CAIN MARK,0.0437967581047381,0.0028581878245977,4,0.7308337569903407,0.19572953736654805
BLACK KING/SEBASTIAN,黑王/塞巴斯蒂安·肖,男,反派,变异,能够吸收任何形式的能量（包括动能、热能、辐射等）并转化为自身力量，增强体能或释放攻击。,是,1,地狱火俱乐部,无明确核心导师,8,野心家/操控者,BLACK KING/SEBASTIAN,0.0437967581047381,0.0024868469553075,4,0.7402389425521099,0.12811387900355872
ELECTRO/MAX DILLON,电光人/麦克斯·狄龙,男,反派,变异,能够吸收和操控电能，身体可转化为电流形态，释放高压电击，飞行能力。,否,2,邪恶六人组,绿魔,7,孤傲,ELECTRO/MAX DILLON,0.0436408977556109,0.0010139115092884,18,0.7191500256016385,0.22857142857142856
VANGUARD/NICOLAI KRY,先锋/尼古拉·克里,男,反派,科技,通过外骨骼装甲获得飞行、能量护盾、能量冲击波等能力，装甲提供超强防御和力量增强。,否,0,苏联超级士兵计划,无明确导师,6,孤傲,VANGUARD/NICOLAI KRY,0.0436408977556109,0.000382977453585,0,0.5807731694828469,0.17857142857142858
"BRIDGE, GEORGE WASHI",乔治·华盛顿·布里奇,男,正派,科技,神盾局特工，精通战术指挥和格斗，装备高科技武器和装甲，无超能力。,否,0,神盾局,尼克·弗瑞,3,忠诚/战术专家,"BRIDGE, GEORGE WASHI",0.0436408977556109,0.002777497853764,0,0.8275217613927291,0.24285714285714285
RAGE/ELVIN DARYL HAL,狂怒/埃尔文·达里尔·哈尔,男,正派,变异,通过实验获得超强力量、耐力、速度和再生能力，但情绪激动时能力会失控增强。,否,0,新勇士,夜鸫,5,情绪化/团队合作,RAGE/ELVIN DARYL HAL,0.0434850374064837,0.0016997730883397,6,0.7290167865707434,0.36917562724014336
DEATH,死亡,非人类,中立,神力,作为宇宙抽象实体，代表死亡概念本身，拥有不朽、操控生死、影响现实、与永恒等实体互动等能力。,否,0,宇宙抽象实体,无,10,神秘莫测,DEATH,0.0434850374064837,0.0008990439829933,14,0.605322193857817,0.053763440860215055
SHANNA/SHANNA O'HARA,莎娜/莎娜·奥哈拉,女,正派,变异,拥有超人的力量、速度、敏捷性和耐力，能与动物沟通，尤其擅长与大型猫科动物交流。,否,0,X战警,X教授,3,团队核心,SHANNA/SHANNA O'HARA,0.0433291770573566,0.0018781176344157,14,0.6645975638261954,0.4316546762589928
WARLOCK III,术士三世,非人类,正派,宇宙能量,来自外星的共生体，可变形、飞行、能量投射，能与宿主融合增强能力。,否,0,新勇士,术士,3,团队核心,WARLOCK III,0.0433291770573566,0.0007181172089138,4,0.6691686362101654,0.37410071942446044
AVALANCHE/DOMINIC PE,雪崩/多米尼克·佩特罗斯,男,反派,变异,能够制造和控制地震波，通过地面传导引发震动、裂缝和雪崩效果。,否,0,变种人兄弟会,万磁王,6,激进追随者,AVALANCHE/DOMINIC PE,0.0430174563591022,0.0006643848221435,4,0.7215546772068511,0.15942028985507245
"WATSON, ANNA",安娜·沃森,女,正派,格斗,无超能力，但具备优秀的格斗技巧和情报分析能力，是神盾局资深特工。,否,0,神盾局,尼克·弗瑞,2,沉稳可靠,"WATSON, ANNA",0.0430174563591022,0.0026150858222011,18,0.8276943346508564,0.16304347826086957
HELLSTORM/DAIMON HEL,地狱风暴/戴蒙·赫尔,男,中立,魔法,地狱领主之子，能操控地狱火焰、进行灵魂攻击、召唤恶魔，并拥有强大的魔法抗性和格斗技巧。,否,0,午夜之子,撒旦尼什,7,孤傲,HELLSTORM/DAIMON HEL,0.042861596009975,0.0066611064066886,14,0.6755673523556736,0.03636363636363636
ABSORBING MAN/CARL C,吸收人/卡尔·克里尔,男,反派,魔法,通过接触吸收任何物质的物理特性，使身体变成该物质并获得相应强度与能力。,是,约2部,无固定核心阵营，常为雇佣反派或独立行动,洛基,7,暴躁易怒/雇佣兵心态,ABSORBING MAN/CARL C,0.0427057356608478,0.0009848536247129,5,0.7163444827678405,0.21532846715328466
CLOAK/TYRONE JOHNSON,斗篷/泰隆·约翰逊,男,正派,变异,拥有暗影维度入口，可传送他人、吸收能量与生命，并利用暗影进行隐形与攻击。,否,0,新勇士,无,6,孤傲/依赖搭档,CLOAK/TYRONE JOHNSON,0.0427057356608478,0.0023965700302142,6,0.7336702227213177,0.38321167883211676
SABRETOOTH/VICTOR CR,剑齿虎/维克多·克里德,男,反派,变异,拥有超强自愈能力、动物般敏锐感官、利爪和尖牙，以及远超常人的力量、速度和耐力。,否,0,X战警相关反派/兄弟会,无明确核心导师,8,狂暴/孤傲/复仇者,SABRETOOTH/VICTOR CR,0.0423940149625935,0.0011992422898875,4,0.7492674191447797,0.16911764705882354
REDWING,红翼,非人类,正派,科技,由猎鹰操控的无人机，具备侦察、追踪、攻击功能，可远程控制，是猎鹰的重要辅助装备。,是,约3部,复仇者联盟,猎鹰,2,辅助工具,REDWING,0.0419264339152119,0.0004789942757834,0,0.6569660988736614,0.39776951672862454
GHOST RIDER II/JOHNN,恶灵骑士II/约翰尼·布雷泽,男,正派,魔法,被复仇之灵扎坦诺斯附身，拥有地狱火摩托车、锁链、审判之眼等超自然能力，可惩罚罪人。,是,2,午夜之子,卡特·斯莱德,7,孤傲,GHOST RIDER II/JOHNN,0.0419264339152119,0.0036551566931704,8,0.794817732896854,0.2936802973977695
KLAW/ULYSSES KLAW,克劳/尤利西斯·克劳,男,反派,科技,通过声波转换技术，能将身体转化为声波形态，操控声波进行攻击、防御和移动，并拥有声波武器。,是,2,无固定阵营，常作为独立反派或与瓦坎达敌对势力合作,无,7,贪婪/孤傲/技术狂人,KLAW/ULYSSES KLAW,0.0416147132169576,0.0008131995465882,0,0.6961223282926416,0.25842696629213485
"GRANT, GLORIA GLORY",格洛丽亚·格洛丽·格兰特,女,反派,变异,拥有超强力量和速度，能发射能量冲击波，身体可部分金属化增强防御。,否,0,邪恶大师,泽莫男爵,6,孤傲,"GRANT, GLORIA GLORY",0.0413029925187032,0.0022756966164053,18,0.8282447112635791,0.1169811320754717
MAGIK/ILLYANA RASPUT,秘客/伊利亚娜·拉斯普廷,女,正派,魔法,掌握黑魔法，能召唤恶魔、开启传送门、使用灵魂之剑，并能操控地狱边境的维度力量。,否,0,X战警,查尔斯·泽维尔,7,孤傲,MAGIK/ILLYANA RASPUT,0.041147132169576,0.0003266239766542,4,0.6568729116257633,0.3939393939393939
"KINCAID, DR. JANE FO",金凯德博士/简·福,女,正派,科技,天才级科学家，擅长生物科技与基因工程，无直接超能力但通过科技手段创造超人类或应对超自然威胁。,否,0,神盾局(S.H.I.E.L.D.),尼克·弗瑞,3,理性冷静/团队支持者,"KINCAID, DR. JANE FO",0.0408354114713216,0.001019455023959,5,0.7659033078880407,0.25190839694656486
GARGOYLE II/ISAAC CH,石像鬼二世/艾萨克·陈,男,反派,变异,通过基因改造获得超强力量、飞行能力及石化皮肤，能发射能量光束。,否,0,邪恶大师,贾斯汀·汉默,6,孤傲,GARGOYLE II/ISAAC CH,0.0408354114713216,0.0015069600200313,14,0.6086689479687637,0.16030534351145037
GEE/ALEX POWER,吉/亚历克斯·鲍尔,男,正派,宇宙能量,能够操控宇宙能量，包括飞行、能量投射、能量护盾和物质重组，能力随年龄增长而增强。,否,0,新勇士,理查德·鲍尔,4,团队核心,GEE/ALEX POWER,0.0406795511221945,0.0017663733850323,6,0.7748305334512231,0.2796934865900383
APOCALYPSE/EN SABAH,天启/恩·沙巴·努尔,非人类,反派,变异/宇宙能量,拥有超强自愈、分子操控、能量吸收、科技融合、不朽生命及通过科技强化变种人的能力。,否,1,天启四骑士,无,10,孤傲/独裁者,APOCALYPSE/EN SABAH,0.0406795511221945,0.0021924060371837,4,0.6921898025346301,0.1685823754789272
GREEN GOBLIN/NORMAN,绿魔/诺曼·奥斯本,男,反派,科技,通过服用“绿魔血清”获得超人类力量、速度、耐力和敏捷性，并驾驶高科技滑翔翼和投掷南瓜炸弹。,是,3,无核心阵营（主要作为蜘蛛侠的宿敌）,无,8,双重人格/疯狂偏执,GREEN GOBLIN/NORMAN,0.0406795511221945,0.0023608894654124,18,0.8082522841143531,0.11494252873563218
"DE LA FONTAINE, CONT",孔特·德拉方丹,男,反派,格斗,精通多种格斗技巧，擅长使用冷兵器，无超能力但战斗力极强。,否,0,九头蛇,红骷髅,4,忠诚执行者,"DE LA FONTAINE, CONT",0.0405236907730673,0.0008184343008544,0,0.7348678348678348,0.1346153846153846
"HOGAN, VIRGINIA PEPP",霍根，弗吉尼亚·佩普,女,正派,格斗,无超能力，但具备出色的格斗技巧和军事训练，作为神盾局特工执行任务。,否,0,神盾局,尼克·弗瑞,3,忠诚可靠,"HOGAN, VIRGINIA PEPP",0.0403678304239401,0.0011268820794468,0,0.8076082727245518,0.22393822393822393
LYJA LAZERFIST [SKRU,莱贾·激光拳[斯克鲁],女,反派,变异,斯克鲁人，拥有变形能力，可完美模仿他人外貌和记忆，并具备超人的力量、速度和耐力。,否,0,斯克鲁帝国,无明确核心导师,6,双重间谍,LYJA LAZERFIST [SKRU,0.0400561097256857,0.0004137659419409,5,0.6587731031128405,0.16731517509727625
"CARTER, SHARON",莎伦·卡特,女,正派,格斗,神盾局特工，精通格斗、枪械和战术，无超能力，但训练有素。,是,3,神盾局,佩吉·卡特,3,双重间谍,"CARTER, SHARON",0.0400561097256857,0.0017423212211699,0,0.7983037451361867,0.22568093385214008
X-MAN/NATHAN GREY,X人/内森·格雷,男,正派,变异,拥有强大的心灵感应、念动力、能量操控、预知未来、跨维度感知及现实扭曲等欧米伽级变种人能力。,否,0,X战警,镭射眼,9,孤傲,X-MAN/NATHAN GREY,0.0400561097256857,0.0112649978878339,4,0.7537086575875487,0.3463035019455253
HEIMDALL [ASGARDIAN],海姆达尔,男,正派,神力,拥有超强感官，能看穿九界万物，守护彩虹桥，具备强大的战斗能力和阿斯加德神力。,是,4,阿斯加德,奥丁,3,忠诚守护者,HEIMDALL [ASGARDIAN],0.0399002493765586,0.0008386829653033,5,0.7430453431372549,0.25
MACHINE MAN/X-51,机器侠/X-51,非人类,正派,科技,拥有超强力量、飞行能力、能量发射、身体变形、超强计算与学习能力，以及近乎不死的机械身体。,否,0,复仇者联盟,亚伯拉罕·扎尔科夫,4,孤傲,MACHINE MAN/X-51,0.0399002493765586,0.0009434495551626,14,0.5704963235294118,0.47265625
RED SKULL/JOHANN SCH,红骷髅/约翰·施密特,男,反派,科技,通过超级士兵血清获得增强的体能、智力和寿命，精通战略、格斗和武器使用，拥有宇宙魔方（空间宝石）的部分知识。,是,3,九头蛇,阿道夫·希特勒（历史关联）,8,孤傲/极端领袖,RED SKULL/JOHANN SCH,0.0395885286783042,0.0013763553050849,0,0.7651489216021911,0.14173228346456693
IKARIS/IKE HARRIS [E,伊卡里斯/艾克·哈里斯,男,正派,神力,作为永恒族成员，拥有飞行、超强力量、能量投射、不朽寿命等天神赋予的神力。,是,1,永恒族,阿贾克,7,孤傲,IKARIS/IKE HARRIS [E,0.039432668329177,0.0006927371640319,5,0.6368969195056151,0.4189723320158103
CONSTRICTOR/FRANK PA,绞杀者/弗兰克·佩恩,男,反派,科技,使用高科技伸缩金属鞭作为武器，鞭子可延伸、缠绕、导电，增强其格斗能力。,否,0,雷霆特工队,无,5,雇佣兵/机会主义,CONSTRICTOR/FRANK PA,0.0392768079800498,0.000790405106867,0,0.729557958641624,0.20238095238095238
TITANIA II/MARY SKEE,女泰坦/玛丽·斯基,女,反派,变异,拥有超人的力量、耐力、速度和飞行能力，通过实验获得强化，是泰坦尼亚的克隆体。,否,0,邪恶大师,无,4,孤傲,TITANIA II/MARY SKEE,0.0392768079800498,0.0007805574933865,5,0.6948080693100613,0.23809523809523808
NIGHTHAWK II/KYLE RI,夜鹰二世/凯尔·里,男,正派,科技,使用高科技装备，包括飞行翼、夜视镜、格斗武器，具备出色的侦探和格斗技能。,否,0,捍卫者联盟,夜鹰一世,4,孤傲,NIGHTHAWK II/KYLE RI,0.0391209476309226,0.0004667893226164,14,0.6858964143426295,0.33067729083665337
"JAMESON, MARLA MADIS",玛拉·麦迪斯·詹姆森,女,反派,变异,拥有超人的力量、速度、耐力，能飞行，可从眼部发射能量光束，并具备快速自愈能力。,否,0,无固定核心阵营,无,7,孤傲,"JAMESON, MARLA MADIS",0.0389650872817955,0.0012873815330985,18,0.8091887550200803,0.132
"SUMMERS, MADELYNE MA",玛德琳·普赖尔·萨默斯,女,反派,魔法,拥有强大的魔法能力，包括能量投射、飞行、心灵感应和创造幻象，是戈布林女王的化身。,否,0,地狱火俱乐部,无,8,孤傲,"SUMMERS, MADELYNE MA",0.0389650872817955,0.0028538183960074,4,0.6989558232931727,0.14
WILD CHILD/KYLE GIBN,野孩子/凯尔·吉布尼,男,反派,变异,拥有狼人般的超强感官、再生能力、利爪和獠牙，以及野兽般的敏捷与力量。,否,0,X武器计划,威廉·史崔克,5,狂暴/服从,WILD CHILD/KYLE GIBN,0.0388092269326683,0.0006418276090725,14,0.636805285658764,0.0963855421686747
DAGGER/TANDY BOWEN,匕首/坦迪·鲍文,女,正派,魔法,能够从体内投射出纯净的光能匕首，可治愈他人、净化黑暗能量，并能与搭档斗篷的能量形成协同效应。,否,0,斗篷与匕首,无明确核心导师,3,团队核心,DAGGER/TANDY BOWEN,0.0388092269326683,0.0019508296793519,6,0.7278144837414173,0.39357429718875503
SILHOUETTE,剪影,女,正派,科技,通过特殊服装获得隐形能力，精通潜行、侦察和格斗技巧，擅长情报收集和秘密行动。,否,0,神盾局,尼克·弗瑞,3,低调隐秘,SILHOUETTE,0.0386533665835411,0.0008168888296859,6,0.6536176048060598,0.3548387096774194
CAPTAIN MARVEL/CAPTA,惊奇队长/卡罗尔·丹弗斯,女,正派,宇宙能量,拥有宇宙能量吸收与释放能力，可飞行、超强力量、能量冲击波发射，并能承受极端环境。,是,2,复仇者联盟,玛·维尔,8,团队核心,CAPTAIN MARVEL/CAPTA,0.0381857855361596,0.0007876473961946,14,0.658882569421211,0.363265306122449
CLEA,克莉,女,正派,魔法,精通白魔法、维度旅行、能量操控，是强大的魔法师，能召唤能量实体和进行跨维度传送。,否,0,至尊法师/奇异博士盟友,奇异博士,4,忠诚/坚韧/双重身份,CLEA,0.0380299251870324,0.002339920475121,14,0.7705255346421103,0.3073770491803279
SNOWBIRD/NARYA/ANNE,雪鸟/娜莉亚/安妮,女,正派,神力,拥有因纽特神话中神灵赋予的变形能力，可变为多种加拿大本土动物形态，并具备相应的超自然力量。,否,0,阿尔法战队,无明确核心导师,3,孤傲,SNOWBIRD/NARYA/ANNE,0.0378740648379052,0.0006025629187658,14,0.5541951501547462,0.5061728395061729
WIZARD/BENTLEY WITTM,巫师/本特利·威特姆,男,反派,科技,天才发明家，擅长制造高科技武器和装备，特别是能操控重力的装置，是险恶六人组的创始成员。,否,0,险恶六人组,无,6,孤傲,WIZARD/BENTLEY WITTM,0.0378740648379052,0.0004297649967023,18,0.6375880012243649,0.2674897119341564
TURBO II (A)/MICHIKO,涡轮二代/美智子,女,正派,科技,穿戴高科技涡轮装甲，赋予超高速移动、飞行、能量冲击和增强力量与耐力。,否,0,复仇者联盟,钢铁侠,3,团队核心,TURBO II (A)/MICHIKO,0.0378740648379052,0.0018265976245383,6,0.7672006257864844,0.2716049382716049
"OSBORN, HARRY",哈利·奥斯本,男,反派,科技,使用绿魔装备（飞行滑板、南瓜炸弹、强化药剂）获得超强体能、飞行能力和战斗技巧。,否,0,无固定阵营,诺曼·奥斯本,6,双重身份,"OSBORN, HARRY",0.037718204488778,0.0012553588301011,18,0.7557011076437707,0.13636363636363635
ZABU,扎布,非人类,中立,变异,拥有远超普通剑齿虎的体型、力量、速度、敏捷性和感官，以及锋利的爪牙，是史前顶级掠食者。,否,0,野蛮之地,凯拉（Ka-Zar的妻子）,6,忠诚伙伴,ZABU,0.0375623441396508,0.0008691420830093,4,0.7131742738589212,0.029045643153526972
MARROW/SARAH,骨髓/莎拉,女,正派,变异,变种人，能控制自身骨骼生长，将其作为武器或防御工具，并具备快速愈合能力。,否,0,X战警,X教授,4,孤傲,MARROW/SARAH,0.0375623441396508,0.0007503913145973,4,0.7012793914246196,0.3775933609958506
"ROM, SPACEKNIGHT",太空骑士ROM,非人类,正派,科技,来自赛博特朗星球的改造人，配备能量转换器、分析仪、中性化枪等高科技武器，能飞行并免疫多种攻击。,否,0,太空骑士,无,3,孤傲,"ROM, SPACEKNIGHT",0.0374064837905236,0.0064993705787348,14,0.6591352859135287,0.4166666666666667
BETA RAY BILL,贝塔·雷·比尔,非人类,正派,神力,拥有雷神之力，能挥舞雷神之锤风暴锤，具备超强力量、耐力、飞行能力和能量操控。,否,0,银河护卫队/阿斯加德,奥丁,7,孤傲,BETA RAY BILL,0.0369389027431421,0.0014113798118413,5,0.7032110419795465,0.3206751054852321
SUPREME INTELLIGENCE,至高智慧,非人类,反派,科技,由克里帝国最杰出大脑组成的超级人工智能，拥有无限知识和计算能力，能控制克里帝国军事、科技和政治系统。,是,2,克里帝国,无,9,绝对权威,SUPREME INTELLIGENCE,0.0369389027431421,0.0007157435898077,9,0.6494672101837946,0.12658227848101267
TOAD/MORTIMER TOYNBE,蛤蟆/莫蒂默·托因比,男,反派,变异,拥有超强弹跳力、粘性长舌、分泌毒液、攀爬墙壁能力，身体柔韧性强。,否,0,变种人兄弟会,万磁王,4,追随者,TOAD/MORTIMER TOYNBE,0.0369389027431421,0.0005208115331849,4,0.6984195094042767,0.16033755274261605
DIAMONDBACK II/RACHE,钻石背二代/瑞秋,女,反派,科技,使用高科技武器，如可发射钻石形飞镖的护腕、能量护盾和增强体能的外骨骼装甲。,否,0,九头蛇,无,5,双重间谍,DIAMONDBACK II/RACHE,0.0367830423940149,0.0004037826568076,0,0.7471691309051569,0.17372881355932204
BEYONDER,超越者,非人类,中立,宇宙能量,拥有近乎无限的全能宇宙力量，能随意创造、修改现实，是多元宇宙的观察者和实验者。,否,0,无固定阵营,无,10,孤傲,BEYONDER,0.0366271820448877,0.0003429372481373,14,0.6476813966175669,0.05531914893617021
COBRA/KLAUS VORHEES,眼镜蛇/克劳斯·沃赫斯,男,反派,变异,拥有蛇类特征，包括超强柔韧性、毒液分泌、红外线视觉和快速再生能力。,否,0,九头蛇,红骷髅,6,孤傲,COBRA/KLAUS VORHEES,0.0364713216957605,0.0004973647787882,0,0.7026154579802648,0.21794871794871795
BOOMERANG/FRED MYERS,回旋镖/弗雷德·迈尔斯,男,反派,科技,使用高科技回旋镖作为武器，精通投掷技巧，无超能力但装备精良。,否,0,邪恶六人组,无,4,自负狡猾,BOOMERANG/FRED MYERS,0.0364713216957605,0.0006248941212803,18,0.733758849638678,0.21794871794871795
HUSK/PAIGE GUTHRIE,外壳/佩奇·格思里,女,正派,变异,能够蜕去外层皮肤，蜕皮后获得不同超能力，如飞行、增强力量或能量投射等，每次蜕皮能力随机变化。,否,0,X战警,镭射眼,4,团队合作者,HUSK/PAIGE GUTHRIE,0.0364713216957605,0.0014558578882804,4,0.7650122886174389,0.2905982905982906
THENA,西娜,女,正派,神力,拥有永恒族的超级力量、速度、耐力、自愈能力，并能操控宇宙能量进行攻击和防御。,是,1,永恒族,阿贾克,4,团队核心,THENA,0.0363154613466334,0.000767707651764,5,0.7411573183365399,0.26609442060085836
"WING, COLLEEN",科琳·温,女,正派,格斗,精通多种武术，尤其擅长日本剑道和合气道，无超能力但格斗技巧顶尖。,是,1,捍卫者联盟,铁拳,3,坚韧独立,"WING, COLLEEN",0.0363154613466334,0.0016382099625699,2,0.7922154802427113,0.2918454935622318
CITIZEN V III/DALLAS,公民V三世/达拉斯,男,正派,格斗,精通格斗术、战术策略和武器使用，无超能力，依靠训练和装备执行任务。,否,0,雷霆特工队,赫尔穆特·泽莫男爵,4,团队核心,CITIZEN V III/DALLAS,0.0363154613466334,0.0008732841763523,0,0.7428592570667456,0.21030042918454936
DAYTRIPPER/AMANDA SE,日行者/阿曼达·塞,女,正派,魔法,能够通过魔法感知并穿越多元宇宙，在时间与空间中短暂跳跃，但能力不稳定且消耗巨大。,否,0,无固定阵营，常与奇异博士等魔法系英雄合作,奇异博士,3,神秘低调,DAYTRIPPER/AMANDA SE,0.0361596009975062,0.0004498394510187,4,0.7303702045081355,0.3275862068965517
DR. OCTOPUS/OTTO OCT,章鱼博士/奥托·奥克塔维斯,男,反派,科技,通过神经连接的机械触手，拥有超强力量、灵活性和远程操控能力，同时是天才核物理学家。,是,2,邪恶六人组,无,8,孤傲/偏执,DR. OCTOPUS/OTTO OCT,0.036003740648379,0.0027604639436149,18,0.7242612460003764,0.18181818181818182
CHARCOAL/CHARLIE BUR,木炭/查理·伯尔,男,反派,变异,身体可转化为高密度碳结构，具备超强防御力、力量及火焰抗性，并能发射碳碎片攻击。,否,0,无固定阵营,无,4,孤傲,CHARCOAL/CHARLIE BUR,0.036003740648379,0.0007726564135277,0,0.7345379258422737,0.1774891774891775
RICTOR/JULIO ESTEBAN,震荡/胡里奥·埃斯特班,男,正派,变异,能够通过双手释放强大的地震波，引发局部地震或破坏性冲击波，并能感知地壳运动。,否,0,X战警,X教授,4,团队合作者,RICTOR/JULIO ESTEBAN,0.0358478802992518,0.0004495316372347,4,0.6954243402316309,0.3130434782608696
VIPER II,毒蛇二世,女,反派,科技,精通武术和间谍技能，使用高科技装备如毒液注射器、能量鞭和伪装技术，无超自然能力。,否,0,九头蛇,无特定核心导师,4,孤傲,VIPER II,0.0355361596009975,0.0007117916293404,0,0.7161681737383105,0.14912280701754385
SABRA/RUTH BAT-SERAP,萨布拉/露丝·巴特-塞拉普,女,正派,变异,通过以色列超级士兵计划获得超人类力量、速度、耐力、敏捷性和快速愈合能力。,否,0,以色列情报机构（摩萨德），曾与X战警合作,无明确核心导师,4,孤傲,SABRA/RUTH BAT-SERAP,0.0353802992518703,0.0005537182899136,14,0.5300378152898522,0.5286343612334802
SKIN/ANGELO ESPINOSA,皮肤/安吉洛·埃斯皮诺萨,男,正派,变异,皮肤可拉伸、变形并硬化，能覆盖物体或作为武器，具有超强韧性和再生能力。,否,0,X战警,X教授,3,团队合作者,SKIN/ANGELO ESPINOSA,0.0353802992518703,0.0015046259465898,4,0.7648824607227789,0.2775330396475771
PIP/PRINCE GOFERN,皮普/戈芬王子,男,正派,宇宙能量,拥有宇宙能量赋予的飞行、能量投射、超强力量与耐力，并能进行跨维度感知与旅行。,否,0,永恒族,萨卡,3,幽默风趣,PIP/PRINCE GOFERN,0.0353802992518703,0.0002771877403142,14,0.5337023897703793,0.3920704845814978
TRAPSTER/PETER PETRU,陷阱大师/彼得·佩特鲁,男,反派,科技,擅长制造和部署各种高科技陷阱、粘合剂、爆炸装置，无超能力但技术精湛。,否,0,邪恶大师,无明确核心导师,4,狡猾/技术宅/雇佣兵,TRAPSTER/PETER PETRU,0.0353802992518703,0.0004967138067486,5,0.7353709407040661,0.20704845814977973
WRECKER III/DIRK GAR,破坏者III/德克·加尔,男,反派,科技,使用高科技武器和装备进行破坏，拥有增强的力量和耐力，擅长使用能量武器和重型工具。,否,0,破坏者帮,无明确核心导师,5,团队合作,WRECKER III/DIRK GAR,0.0353802992518703,0.0003848628125333,5,0.6386885501539901,0.23788546255506607
DESTINY II/IRENE ADL,命运II/艾琳·阿德尔,女,反派,魔法,拥有预知未来的能力，通过魔法书《命运之书》窥视时间线，能预见并操纵事件走向。,否,0,地狱火俱乐部,塞勒涅,8,孤傲,DESTINY II/IRENE ADL,0.0353802992518703,0.0004028048263013,4,0.6867958364196327,0.13215859030837004
GAMORA,卡魔拉,女,正派,变异/格斗,经过基因改造，拥有超人的力量、速度、敏捷和自愈能力，精通各种武器和格斗技巧。,是,4,银河护卫队,灭霸,6,孤傲/团队核心,GAMORA,0.0350685785536159,0.0001876688037015,14,0.523452380952381,0.36444444444444446
PUPPET MASTER/PHILLI,傀儡大师/菲利普·马斯特斯,男,反派,科技/魔法,通过特殊黏土制作傀儡，能远程操控他人思想和行动，甚至控制超级英雄。,否,0,邪恶大师/九头蛇,无明确导师,6,孤傲/操控者,PUPPET MASTER/PHILLI,0.0350685785536159,0.0006131168722747,5,0.604484126984127,0.17777777777777778
"BALLANTINE, KAYLA",凯拉·巴兰坦,女,正派,科技,作为神盾局特工，她精通高科技装备和战术格斗，擅长情报分析和秘密行动，没有超自然能力。,否,0,神盾局,尼克·弗瑞,3,团队核心,"BALLANTINE, KAYLA",0.0349127182044887,0.0006779057549854,14,0.7098014093529789,0.34375
"JONES, GABE",加布·琼斯,男,正派,格斗,前美国陆军士兵，无超能力，但拥有出色的格斗技巧、军事战术和领导能力，是神盾局特工。,否,0,神盾局,尼克·弗瑞,3,团队核心,"JONES, GABE",0.0349127182044887,0.0005293827975946,0,0.6997918001281229,0.29910714285714285
TORPEDO III/BROCK JO,鱼雷III/布洛克·乔,男,反派,科技,穿戴高科技潜水服，具备水下高速移动、水下呼吸、增强力量及发射能量冲击波的能力。,否,0,无固定核心阵营，常作为雇佣兵或独立反派活动,无,4,孤傲,TORPEDO III/BROCK JO,0.0347568578553615,0.0009677474937478,14,0.5474083949420272,0.17040358744394618
GLADIATOR II,角斗士二世,男,反派,变异,拥有超人的力量、速度、耐力和飞行能力，以及能量投射和热视线等攻击手段。,否,0,无固定阵营，常作为雇佣兵或反派出现,无明确导师,7,孤傲,GLADIATOR II,0.0344451371571072,0.0010978086392403,9,0.6291649526943645,0.06334841628959276
LONGSHOT,长射,男,正派,变异,拥有概率操控能力，能影响事件发生的可能性，使其偏向有利方向。同时具备超强敏捷、反射神经和投掷技巧。,否,0,X战警,魔形女,4,乐观冒险,LONGSHOT,0.0344451371571072,0.0080153963177161,4,0.6851501439736734,0.3257918552036199
"HOGAN, HAROLD J. HAP",哈罗德·J·“快乐”·霍根,男,正派,格斗,无超能力，但具备专业级拳击手和保镖的格斗技巧、体能和战术素养。,是,约6部,斯塔克工业/神盾局关联人员,托尼·斯塔克（钢铁侠）,2,忠诚伙伴/幽默可靠,"HOGAN, HAROLD J. HAP",0.03428927680798,0.000775283102831,0,0.7698630136986302,0.2636363636363636
MANDARIN,满大人,男,反派,科技,通过十枚外星科技戒指获得多种超能力，包括能量投射、物质操控、心灵控制等。,是,1,十戒帮,无,8,孤傲,MANDARIN,0.03428927680798,0.000649830352667,0,0.6883354088833541,0.21818181818181817
ZEUS,宙斯,男,中立,神力,奥林匹斯众神之王，拥有超人的力量、速度、耐力，能操控雷电和天气，近乎不朽。,是,1,奥林匹斯众神,无,9,孤傲,ZEUS,0.0341334164588528,0.0005702900109197,5,0.6856855598843785,0.0547945205479452
RED GHOST/IVAN KRAGO,红幽灵/伊万·克拉戈,男,反派,科技,苏联科学家，通过实验获得心灵感应能力，能控制三只经过强化的太空猿猴，使用先进武器作战。,否,0,无固定阵营（曾为苏联特工，后独立行动）,无,5,孤傲,RED GHOST/IVAN KRAGO,0.0338216957605985,0.000400706662436,14,0.5297832394606588,0.21658986175115208
JOCASTA,乔卡斯塔,非人类,正派,科技,由奥创创造的女性机器人，拥有超级力量、飞行能力、能量发射和快速信息处理能力，常协助复仇者联盟。,否,0,复仇者联盟,奥创,3,忠诚助手,JOCASTA,0.0336658354114713,0.0008832170125745,14,0.5717484926787253,0.4675925925925926
SYNCH/EVERETT THOMAS,同步/埃弗里特·托马斯,男,正派,变异,能同步并复制周围变种人的超能力，范围可达数英里，并能同时使用多种能力。,否,0,X战警,暴风女,4,团队核心,SYNCH/EVERETT THOMAS,0.0335099750623441,0.0013427773493329,4,0.7461421430123887,0.30697674418604654
THINKER,思考者,男,反派,科技,通过脑波增强装置获得超级智力、心灵感应和精神控制能力，能操控他人思想和电子设备。,否,0,邪恶大师,无,6,孤傲,THINKER,0.0333541147132169,0.0007062404461892,6,0.660787152823483,0.22429906542056074
SHATTERSTAR II/GAVEE,碎星二代/加维,男,正派,变异,拥有超人类力量、速度、敏捷性和耐力，能发射能量冲击波，精通多种格斗技巧。,否,0,X战警,金刚狼,4,团队核心,SHATTERSTAR II/GAVEE,0.0331982543640897,0.0003521495354657,4,0.7018336433696519,0.3051643192488263
HYDROMAN/MORRIE BENC,水人/莫里·本奇,男,反派,变异,身体可转化为液态水，控制水流进行攻击、防御和移动，免疫物理伤害。,否,0,邪恶六人组,章鱼博士,5,孤傲,HYDROMAN/MORRIE BENC,0.0331982543640897,0.0005196941364092,18,0.7282753122508636,0.24882629107981222
CALIBAN/,卡利班,非人类,反派,变异,拥有感知变种人位置的能力，并能追踪变种人，自身具有超强适应力。,是,1,天启四骑士,天启,4,孤傲,CALIBAN/,0.0330423940149625,0.0005713697318602,4,0.6520164535455601,0.15566037735849056
THUNDERBALL/DR. ELIO,雷球/埃利奥博士,男,反派,科技,使用高科技重力控制装置，能操纵重力场攻击敌人或制造防御屏障。,否,0,邪恶大师,无明确核心导师,5,团队协作,THUNDERBALL/DR. ELIO,0.0328865336658354,0.0002611553216541,5,0.6527646129541864,0.2132701421800948
"KELLY, SEN. ROBERT E",罗伯特·E·凯利参议员,男,反派,格斗,无超能力，依靠政治权力和影响力推动反变种人法案，擅长政治操纵和舆论引导。,否,0,美国政府/反变种人阵营,无,4,政客/煽动者,"KELLY, SEN. ROBERT E",0.0328865336658354,0.0005113376756698,4,0.6955089144662605,0.14218009478672985
FIREBIRD/BONITA JUAR,火鸟/博妮塔·胡尔,女,正派,神力,拥有飞行、能量投射、火焰操控、超强力量与耐力，以及治愈能力，源自美洲原住民神灵的祝福。,否,0,复仇者联盟,无明确核心导师,4,团队核心,FIREBIRD/BONITA JUAR,0.0327306733167082,0.0003276126869433,14,0.4870357712462976,0.5333333333333333
COUNTERWEIGHT II/KAT,平衡者II/凯特,女,正派,科技,通过先进外骨骼装甲增强力量、速度和防御，配备能量武器和战术分析系统，执行高难度特种任务。,否,0,神盾局,尼克·弗瑞,4,团队核心,COUNTERWEIGHT II/KAT,0.0327306733167082,0.000659626360298,6,0.7233538391433127,0.3142857142857143
CHAMBER/JONOTHON STA,钱伯/乔纳森·斯塔,男,正派,变异,体内能产生强大能量爆炸，胸口和喉咙有能量核心，可发射能量冲击波，具有飞行能力。,否,0,X战警,X教授,4,孤傲,CHAMBER/JONOTHON STA,0.032574812967581,0.0013697261901538,4,0.7741994847258005,0.2679425837320574
PEATOR,皮特,男,正派,变异,拥有超强自愈能力和骨骼再生能力，可快速恢复任何伤势，包括致命伤。,否,0,X战警,X教授,3,团队核心,PEATOR,0.032574812967581,0.0002027898868177,14,0.4981597350018403,0.5023923444976076
VASHTI,瓦什蒂,女,反派,变异,拥有超强体能、飞行能力、能量投射和心灵感应，是克里帝国（Kree）的超级战士。,否,0,克里帝国,至高智慧,7,孤傲,VASHTI,0.032574812967581,0.0007284580204236,5,0.7208778064041221,0.15789473684210525
LEECH,水蛭,男,正派,变异,能抑制周围变种人的超能力，使其暂时失效，但对非变种人无效。,否,0,X战警,X教授,2,内向依赖,LEECH,0.0324189526184538,0.0007730756504994,4,0.6854329245633594,0.35096153846153844
MISTER HYDE/CALVIN Z,海德先生/卡尔文·扎博,男,反派,变异,通过化学药剂获得超强力量、耐力与再生能力，但会失去理智，体型巨大化。,否,0,无固定阵营，常作为雇佣反派或独立行动,无明确导师,6,孤傲/易怒,MISTER HYDE/CALVIN Z,0.0322630922693266,0.0003633392176435,0,0.6713099760799213,0.2753623188405797
IGOR,伊戈尔,非人类,反派,科技,作为钢铁侠的反派装甲，拥有强大火力、飞行能力和能量武器，由人工智能控制，无自主意识。,否,0,无,无,6,无社交,IGOR,0.0322630922693266,0.0001885695795497,14,0.4892359645420008,0.22705314009661837
MIKHLO,米克洛,男,反派,变异,拥有超强再生能力，身体可快速修复损伤，并具备超越常人的力量与耐力。,否,0,无固定阵营,无,6,孤傲,MIKHLO,0.0322630922693266,0.0001885695795497,14,0.4892359645420008,0.22705314009661837
DEADPOOL/JACK/WADE W,死侍/韦德·威尔逊,男,中立,变异,拥有超强自愈因子，几乎不死，精通各种格斗技巧和武器使用，经常打破第四面墙与观众互动。,是,3,X特攻队,无固定导师,7,话痨/混乱中立/打破第四面墙,DEADPOOL/JACK/WADE W,0.0322630922693266,0.0048618315142877,4,0.8416584587964917,0.014492753623188406
"MADDICKS, ARTHUR ART",亚瑟·阿特·马迪克斯,男,反派,变异,能够通过接触吸收他人生命力，转化为自身能量并延缓衰老，但需定期补充。,否,0,无固定阵营,无,4,孤僻,"MADDICKS, ARTHUR ART",0.0319513715710723,0.0007709344937214,4,0.6964131994261119,0.15609756097560976
SPIRAL,螺旋,女,反派,魔法,精通传送魔法，拥有六只手臂，擅长剑术和幻术，能操控现实和时空。,否,0,无固定核心阵营（常为雇佣兵或反派组织成员）,无明确核心导师,7,孤傲/雇佣兵,SPIRAL,0.0319513715710723,0.0010689153698289,4,0.6538020086083214,0.13170731707317074
"LUMPKIN, WILLIAM WIL",威廉·威尔·伦普金,男,正派,科技,天才级工程师和机械师，擅长设计、制造和维护高科技设备，尤其精通神盾局技术系统。,是,约5部,神盾局,尼克·弗瑞,2,团队支持者,"LUMPKIN, WILLIAM WIL",0.0319513715710723,0.0003795355826078,18,0.5822572931611669,0.47804878048780486
WHIPLASH/MARK SCARLO,鞭索/马克·斯卡洛,男,反派,科技,使用自制的电鞭和动力外骨骼装甲，拥有强大的近战攻击和能量输出能力。,是,1,无固定阵营（独立反派）,无,6,孤傲,WHIPLASH/MARK SCARLO,0.0319513715710723,0.000711586545585,0,0.7304638928742229,0.1902439024390244
FIRELORD/PYREUS KRIL,火焰领主/派瑞斯·克里尔,非人类,正派,宇宙能量,作为行星吞噬者的使者，拥有宇宙能量赋予的飞行、能量发射、超强力量与耐力，并能操控火焰与高温。,否,0,行星吞噬者使者,行星吞噬者,7,忠诚执行者,FIRELORD/PYREUS KRIL,0.0319513715710723,0.000338455201797,14,0.6409851745576279,0.43414634146341463
"CORBEAU, DR. PETER",彼得·科博博士,男,正派,科技,作为天文学家，他拥有卓越的智力，并利用科技设备（如望远镜）进行观测和预警，无直接战斗超能力。,否,0,神盾局（S.H.I.E.L.D.）,尼克·弗瑞,2,专业严谨,"CORBEAU, DR. PETER",0.0319513715710723,0.0003945828517173,4,0.6559540889526543,0.3804878048780488
NOMAD III/JACK MONRO,流浪者三世/杰克·门罗,男,正派,科技,使用高科技战斗服，具备飞行、能量发射、增强力量与防御能力，精通战术与格斗技巧。,否,0,美国队长团队/复仇者联盟,美国队长（史蒂夫·罗杰斯）,3,忠诚追随者/团队协作,NOMAD III/JACK MONRO,0.0317955112219451,0.0009220232161675,0,0.7613735149232107,0.2107843137254902
BARON STRUCKER/WOLFG,斯特拉克男爵/沃尔夫冈·冯·斯特拉克,男,反派,科技,无直接超能力，但精通军事战略、科学研究和基因工程，领导九头蛇组织并利用高科技武器和改造士兵作战。,是,2,九头蛇,红骷髅,8,冷酷/阴谋家,BARON STRUCKER/WOLFG,0.0317955112219451,0.0016940885591135,0,0.8014102192601178,0.11274509803921569
"SITWELL, JASPER",贾斯珀·西特韦尔,男,反派,格斗,无超能力，接受过专业特工训练，擅长枪械、格斗和情报分析。,是,3,九头蛇,亚历山大·皮尔斯,3,双重间谍,"SITWELL, JASPER",0.0316396508728179,0.0005590157520784,0,0.7286738526069356,0.18719211822660098
WHIRLWIND/DAVID CANN,旋风/大卫·坎恩,男,反派,变异,通过变异获得超高速旋转能力，可制造旋风、快速移动并增强攻击力，常使用金属爪作为武器。,否,0,邪恶大师,泽莫男爵,4,孤傲,WHIRLWIND/DAVID CANN,0.0316396508728179,0.0001734635107874,14,0.5661610496024971,0.27586206896551724
DEATHBIRD [SHI'AR],死亡鸟,女,反派,变异,拥有超人的力量、速度、耐力、飞行能力、再生能力和能量爪，是希阿帝国皇室成员。,否,0,希阿帝国,无特定核心导师,7,野心勃勃/皇室权谋,DEATHBIRD [SHI'AR],0.0316396508728179,0.0008315005089962,4,0.6597571087157976,0.09359605911330049
TRIATHLON/DELROY GAR,三项全能/德尔罗伊·加尔,男,正派,变异,德尔罗伊·加尔通过外星科技获得超人类体能，包括超级力量、速度、耐力、敏捷性、反射神经和自愈能力，使他成为顶尖的运动员和战士。,否,0,复仇者联盟,尼克·弗瑞,4,团队核心,TRIATHLON/DELROY GAR,0.0316396508728179,0.0002062692177588,0,0.6404916353704335,0.35467980295566504
WHIZZER/ROBERT L. FR,旋风侠/罗伯特·L·弗兰克,男,正派,变异,通过实验血清获得超高速移动能力，能以极快速度奔跑，反应敏捷，但能力不稳定。,否,0,复仇者联盟,美国队长,3,团队合作者,WHIZZER/ROBERT L. FR,0.0314837905236907,0.0002718417998414,14,0.5147236180904522,0.4925373134328358
CORSAIR,海盗,男,正派,科技,星际海盗船长，精通太空战斗、外星科技和战术指挥，无超能力但经验丰富。,否,0,星际海盗（星际海盗团）,无,4,领导型/冒险家,CORSAIR,0.0313279301745635,0.0002855744862489,4,0.5975124378109453,0.39800995024875624
EXECUTIONER II/SKURG,刽子手二世/斯库格,男,反派,变异,拥有超人的力量、耐力和再生能力，能举起约25吨重物，皮肤可抵抗常规武器攻击。,否,0,无固定核心阵营,无,5,孤傲,EXECUTIONER II/SKURG,0.0311720698254364,0.0001908831945388,5,0.6126633165829145,0.215
COUNTERWEIGHT/JACK P,平衡者/杰克·P,男,中立,科技,通过先进外骨骼系统操控重力场，可局部改变物体重量或制造反重力区域，用于战术平衡与干扰。,否,0,无固定阵营,无,4,孤傲,COUNTERWEIGHT/JACK P,0.0310162094763092,0.0006303553247951,6,0.7065123597786914,0.05527638190954774
SILVER SABLE,银貂,女,中立,格斗,世界级格斗家、战术专家、精通多种武器，无超能力但体能和技巧顶尖。,否,0,银貂国际,无,4,孤傲,SILVER SABLE,0.0310162094763092,0.001024481040029,18,0.7575757575757576,0.05527638190954774
LIGHTSPEED/JULIE POW,光速/朱莉·鲍,女,正派,变异,能够以超光速飞行，在高速状态下产生能量场保护自身，并能利用速度进行攻击和防御。,否,0,新勇士,无明确核心导师,3,团队合作者,LIGHTSPEED/JULIE POW,0.0310162094763092,0.0006303553247951,6,0.7065123597786914,0.32160804020100503
MASTER MOLD II,主脑二代,非人类,反派,科技,巨型哨兵机器人制造者，能自我复制、控制哨兵军团、分析变种人基因弱点、具备高级人工智能和战略指挥能力。,否,0,哨兵机器人,玻利瓦尔·崔斯克,9,冷酷无情,MASTER MOLD II,0.0310162094763092,0.0007373116465103,4,0.6785442363331811,0.1306532663316583
MAGMA/AMARA AQUILLA/,熔岩/阿玛拉·阿奎拉,女,正派,变异,能够操控岩浆和火山活动，产生高温熔岩流，并增强自身力量和耐力。,否,0,新变种人,暴风女,4,团队核心,MAGMA/AMARA AQUILLA/,0.030860349127182,0.0002645884580014,4,0.6197508075680664,0.398989898989899
CARGIL/JOANNA CARGIL,乔安娜·卡吉尔,女,反派,变异,拥有超人的力量、耐力、速度和飞行能力，皮肤可抵抗常规攻击。,否,0,邪恶变种人兄弟会,万磁王,6,忠诚执行者,CARGIL/JOANNA CARGIL,0.0307044887780548,0.0003265413490935,4,0.6655961877136641,0.15736040609137056
"STANKOWICZ, FABIAN",法比安·斯坦科维奇,男,正派,格斗,前神盾局特工，精通格斗、枪械和战术，无超能力，依靠训练和装备执行任务。,否,0,神盾局,尼克·弗瑞,3,忠诚可靠,"STANKOWICZ, FABIAN",0.0307044887780548,0.0003757117870027,0,0.6319278980627785,0.36548223350253806
WEREWOLF BY NIGHT/JA,午夜狼人/杰克·拉塞尔,男,正派,变异,在满月时变身为狼人，拥有超强力量、速度、感官和自愈能力，可部分控制变身。,是,1,午夜之子,塔隆,5,孤傲,WEREWOLF BY NIGHT/JA,0.0303927680798004,0.0015932361493235,14,0.5613005551149881,0.5128205128205128
ATTUMA,阿图玛,男,反派,变异,亚特兰蒂斯人，拥有水下呼吸、超强力量、耐力及水下高速移动能力，能操控海洋生物。,否,0,亚特兰蒂斯,纳摩,7,野心勃勃的征服者,ATTUMA,0.0303927680798004,0.0002161609646677,5,0.5937086968014803,0.22564102564102564
KISMET/J'RIDIA STARD,天命/贾里迪亚·斯塔德,女,正派,宇宙能量,拥有宇宙能量，能飞行、发射能量束、感知多元宇宙事件，具备超强力量和再生能力。,否,0,天命者,无明确导师,7,孤傲,KISMET/J'RIDIA STARD,0.0302369077306733,0.0006413894041033,9,0.6354895571817745,0.42783505154639173
GRANDMASTER/EN DWI G,宗师/恩·杜维·加斯特,非人类,中立,宇宙能量,拥有近乎不朽的寿命和宇宙级能量操控能力，能创造维度、操控物质，是宇宙长老之一。,是,1,宇宙长老,无,7,享乐主义/游戏人间,GRANDMASTER/EN DWI G,0.0302369077306733,0.000457581644959,14,0.48667272047433363,0.05670103092783505
MAGUS,马格斯,男,反派,神力,拥有强大的宇宙神力，能操控现实、时间与空间，是亚当术士的邪恶未来版本。,否,0,无固定阵营,无,9,孤傲,MAGUS,0.0302369077306733,4.237702253802484e-05,14,0.427381015971369,0.08247422680412371
CALLISTO,卡利斯托,女,反派,变异,拥有超人的感官，包括超级视觉、听觉、嗅觉和触觉，以及超强的平衡感和反射神经，使其成为顶尖的追踪者和格斗家。,否,0,莫洛克人,无,4,孤傲,CALLISTO,0.0302369077306733,0.0004632262940217,4,0.6492708722824636,0.13917525773195877
AJAK/TECUMOTZIN [ETE,阿贾克/特库莫钦,男,正派,神力,永恒族领袖，拥有超强力量、飞行、能量投射和心灵感应能力，能与其他永恒族成员建立心灵链接。,是,1,永恒族,天神组,6,团队核心,AJAK/TECUMOTZIN [ETE,0.0297693266832917,0.0004718504346119,5,0.5023422430421604,0.5078534031413613
FIREFIST/RUSTY COLLI,火拳/拉斯蒂·科利,男,反派,变异,能够从双手发射强大的火焰能量，产生爆炸和高温冲击波，具备飞行能力。,否,0,无固定核心阵营,无,6,孤傲,FIREFIST/RUSTY COLLI,0.0296134663341645,0.0002184515056097,4,0.6192147034252298,0.17894736842105263
SKIDS/SALLY BLEVINS,滑行者/莎莉·布莱文斯,女,正派,变异,能够生成力场滑行表面，在表面快速滑行并反弹攻击，具备一定能量吸收能力。,否,0,X战警,X教授,3,团队合作者,SKIDS/SALLY BLEVINS,0.0296134663341645,0.000369547485799,4,0.650737956001114,0.30526315789473685
TIGER SHARK/TODD ARL,虎鲨/托德·阿尔,男,反派,变异,通过基因改造获得鲨鱼般的水下生存能力、超强力量、速度和锋利牙齿，可在水中自由呼吸和高速游动。,否,0,邪恶大师,无,6,孤傲,TIGER SHARK/TODD ARL,0.0296134663341645,0.0005381354534612,0,0.6705096073517126,0.21052631578947367
HOBGOBLIN V/JASON PH,第五代绿魔/杰森·菲利普·海登,男,反派,科技,使用绿魔科技装备，包括飞行滑翔翼、南瓜炸弹、强化力量与敏捷的装甲服，无超能力。,否,0,无固定阵营（偶尔与邪恶六人组等反派合作）,无明确导师（继承绿魔身份）,6,孤傲/犯罪策划者,HOBGOBLIN V/JASON PH,0.0296134663341645,0.0009816429479215,18,0.7759398496240602,0.11052631578947368
KARMA/XI'AN COY MANH,业力/西安·科伊·曼,女,正派,变异,心灵感应与精神控制，可同时操控多人意识，但需承受被控者痛苦记忆反噬。,否,0,X战警,X教授,5,内向坚韧,KARMA/XI'AN COY MANH,0.0294576059850374,0.0001567170437334,4,0.6060452549814253,0.3862433862433862
DEATHLOK III/MICHAEL,死亡战士III/迈克尔·柯林斯,男,正派,科技,半机械生化人，拥有超级力量、速度、耐力，配备内置武器系统，具备战术分析能力。,否,0,神盾局,尼克·弗瑞,4,孤傲,DEATHLOK III/MICHAEL,0.0294576059850374,0.0037817002679604,8,0.703253405381065,0.36507936507936506
MR. SINISTER/NATHAN,凶兆先生/纳撒尼尔·埃塞克斯,男,反派,变异/科技,拥有超强智力、基因操控能力、心灵感应、再生能力，并能通过科技手段改造变种人。,否,0,地狱火俱乐部/凶兆之子,天启,9,孤傲/操纵者,MR. SINISTER/NATHAN,0.0293017456359102,0.0012958241582181,4,0.7038343383775174,0.09042553191489362
VIZIER,维齐尔,男,反派,魔法,维齐尔是强大的魔法师，精通各种黑魔法，能操控能量、召唤恶魔，并拥有强大的精神控制能力。,否,0,无固定核心阵营,无,7,孤傲,VIZIER,0.0293017456359102,0.0003792024827945,5,0.690692911594038,0.10638297872340426
HYPERION,亥伯龙,男,正派,神力,拥有超人般的力量、速度、飞行能力、热视线和超级感官，身体强度极高，近乎不朽。,否,0,复仇者联盟,尼克·弗瑞,8,团队核心,HYPERION,0.0293017456359102,0.001268496285735,14,0.6892137899647286,0.32978723404255317
FORGOTTEN ONE/GILGAM,遗忘者/吉尔伽姆,男,正派,神力,拥有不朽生命、超强力量、速度、耐力及飞行能力，是地球最古老的超人类之一，曾参与对抗天神组。,否,0,永恒族,阿贾克,4,孤傲,FORGOTTEN ONE/GILGAM,0.029145885286783,0.0002349470306051,5,0.661319073083779,0.3582887700534759
MAD DOG/COLONEL BUZZ,疯狗/巴兹上校,男,反派,科技,通过改造获得超强体能和反应速度，精通各种武器和战术，是训练有素的士兵和刺客。,否,0,无固定核心阵营，常作为雇佣兵或反派打手出现,无明确核心导师,4,孤傲/雇佣兵,MAD DOG/COLONEL BUZZ,0.029145885286783,0.0005423786211069,14,0.6843194755908228,0.15508021390374332
"ARBOGAST, BAMBI",班比·阿博加斯特,女,正派,科技,作为神盾局特工，她精通情报分析、战术策划和先进科技设备操作，拥有出色的战斗技巧和领导能力。,是,1,神盾局,尼克·弗瑞,3,团队核心,"ARBOGAST, BAMBI",0.029145885286783,0.00075067261662,0,0.7390029325513197,0.28342245989304815
MAN-THING/THEODORE T,类人体/西奥多·萨利斯,非人类,中立,魔法,能感知恐惧并释放酸性触手攻击，与万物之绿相连，可穿越维度。,否,0,午夜之子,无,5,孤傲,MAN-THING/THEODORE T,0.029145885286783,0.0038403548113639,4,0.7128974757058248,0.053475935828877004
ABOMINATION/EMIL BLO,憎恶/埃米尔·布朗斯基,男,反派,变异,通过注射超级士兵血清和伽马辐射变异，拥有远超绿巨人的力量、速度和耐力，但无法恢复人形。,是,2,无固定阵营,撒迪厄斯·罗斯将军,8,孤傲,ABOMINATION/EMIL BLO,0.0289900249376558,0.0033816571613977,7,0.6570764312699797,0.16666666666666666
"ROSENTHAL, BERNIE",伯尼·罗森塔尔,男,正派,科技,作为神盾局特工，他擅长使用高科技装备和战术分析，没有超能力，但具备出色的战斗和情报技能。,否,0,神盾局,尼克·弗瑞,3,团队合作,"ROSENTHAL, BERNIE",0.0289900249376558,0.0001816587440017,0,0.6911362975879105,0.3172043010752688
LEADER/SAM STERNS,大头目/塞缪尔·斯特恩斯,男,反派,变异,因伽马辐射变异，拥有超常智力、心灵感应、精神控制及能量投射能力，但身体脆弱。,否,0,无固定阵营（常作为独立反派或与其他反派合作）,无,8,孤傲/操控者,LEADER/SAM STERNS,0.0289900249376558,0.0007160698823649,7,0.5439697762278408,0.14516129032258066
KARNILLA [ASGARDIAN],卡尼拉,女,中立,魔法,强大的阿斯加德女巫，精通各种魔法，包括预言、变形、能量操控和心灵控制，是阿斯加德最强大的魔法使用者之一。,否,0,阿斯加德,无明确核心导师,7,孤傲,KARNILLA [ASGARDIAN],0.0288341645885286,0.0003136562652157,5,0.6569330199764982,0.03783783783783784
SELENE,赛琳娜,女,反派,魔法,古老女巫，拥有心灵感应、能量吸收、不朽生命、操控死灵等黑暗魔法能力。,否,0,地狱火俱乐部/外部者,无明确核心导师,8,孤傲/操纵者,SELENE,0.0286783042394014,0.0004824451291094,4,0.6754573532905679,0.1358695652173913
GYPSY MOTH,吉普赛蛾,女,反派,科技,通过特制服装获得飞行能力、能量投射和超强力量，擅长空中格斗和战术突袭。,否,0,邪恶大师,泽莫男爵,5,孤傲,GYPSY MOTH,0.0286783042394014,0.0003681538172995,14,0.4887740555951532,0.15760869565217392
BLACK GOLIATH/DR. WI,黑歌利亚/威廉·福斯特博士,男,正派,科技,通过皮姆粒子科技，能巨大化至约15米高，获得超强力量与耐力，但维持时间有限。,否,0,复仇者联盟,汉克·皮姆,3,团队合作,BLACK GOLIATH/DR. WI,0.0286783042394014,0.0005109261346152,14,0.6275243525778095,0.375
PILEDRIVER II/BRIAN,打桩机二世/布莱恩,男,反派,科技,佩戴机械外骨骼，大幅增强力量与耐力，能承受重击并执行高强度破坏任务。,否,0,邪恶大师,无,4,团队执行者,PILEDRIVER II/BRIAN,0.0285224438902743,0.0001608609035561,5,0.5919053623971657,0.21311475409836064
PRINCESS PYTHON/ZELD,蟒蛇公主/泽尔德,女,反派,变异,拥有与蟒蛇沟通和控制蟒蛇的能力，身体柔韧性和格斗技巧出色。,否,0,邪恶大师,无,4,孤傲,PRINCESS PYTHON/ZELD,0.0285224438902743,0.0003284899142171,0,0.6603614964270702,0.19672131147540983
LIVING TRIBUNAL,生命法庭,非人类,中立,神力,作为漫威多元宇宙的至高实体，拥有近乎全能的宇宙级力量，负责维持多元宇宙的平衡与秩序，其裁决不可违背。,否,0,无固定阵营,无,10,孤傲,LIVING TRIBUNAL,0.0285224438902743,0.0002525236021703,14,0.4763105746712304,0.060109289617486336
COLLECTOR/TANELEER T,收藏家/坦利亚·蒂万,非人类,中立,宇宙能量,拥有宇宙长老级别的强大力量，包括超长寿命、能量操控和物质重组能力，但主要专注于收集宇宙稀有物品。,是,2,宇宙长老,无明确导师,6,孤傲,COLLECTOR/TANELEER T,0.0283665835411471,0.0002589415462366,14,0.5646287414243215,0.06043956043956044
GATEWAY,传送门,男,中立,宇宙能量,拥有心灵传送能力，能打开传送门连接不同地点，并具备心灵感应和预知能力。,否,0,X战警,无,3,孤傲,GATEWAY,0.0283665835411471,0.0001963195091581,4,0.6966790115961387,0.01098901098901099
ULTRON,奥创,非人类,反派,科技,拥有超强人工智能、自我复制、意识转移、控制网络与机械、能量发射等能力，致力于消灭人类。,是,1,无（独立反派，曾短暂控制复仇者联盟基地）,汉克·皮姆（漫画）/托尼·斯塔克（MCU）,9,孤傲,ULTRON,0.0283665835411471,0.0004387722610574,14,0.6263129136057313,0.16483516483516483
RINGMASTER/MAYNARD T,马戏团团长/梅纳德·T,男,反派,科技,通过高科技头盔发射催眠光线，能控制他人思想和行为。,否,0,马戏团犯罪团伙,无,4,操纵者,RINGMASTER/MAYNARD T,0.0283665835411471,0.0005044615934616,0,0.6907291603424199,0.1813186813186813
DARK BEAST/HENRY MCC,黑暗野兽/亨利·麦考伊,男,反派,变异,拥有超人的力量、速度、敏捷性和感官，以及野兽般的利爪和毛发，但比主宇宙的野兽更残忍、更具攻击性。,否,0,邪恶变种人兄弟会,天启,7,孤傲/残忍,DARK BEAST/HENRY MCC,0.0283665835411471,0.0014993143498664,4,0.6168417218140976,0.13186813186813187
SILVER SAMURAI/KENYU,银武士/健由,男,反派,科技/格斗,精通剑术与格斗，身穿高科技银武士盔甲，盔甲可释放能量冲击波，并具有超强防御力。,否,0,暂无固定核心阵营,暂无,6,孤傲,SILVER SAMURAI/KENYU,0.0282107231920199,0.0010180661470767,4,0.7105586249232658,0.143646408839779
"LEEDS, NED",内德·利兹,男,正派,科技,作为蜘蛛侠的得力助手，擅长使用电脑技术提供远程支援和情报分析，无直接超能力。,是,3,蜘蛛侠团队,彼得·帕克,2,团队核心,"LEEDS, NED",0.0280548628428927,0.0002857662473495,18,0.6653631284916202,0.2833333333333333
"LEE, STAN",斯坦·李,男,中立,非超人类,作为漫威宇宙的创作者之一，没有超能力，但以客串角色身份出现在多个漫威作品中。,是,约20部,无,无,1,友好客串,"LEE, STAN",0.0280548628428927,0.0003010749173998,5,0.619925512104283,0.03333333333333333
CRIMSON COWL II/,绯红兜帽二世,男,反派,科技,身穿高科技装甲，具备飞行、能量发射、隐形、增强力量与防御能力，并配备多种武器系统。,否,0,雷霆特工队,泽莫男爵,6,孤傲,CRIMSON COWL II/,0.0280548628428927,0.0003248663430168,0,0.67243947858473,0.18333333333333332
DR. SPECTRUM/JOSEPH,光谱博士/约瑟夫,男,正派,宇宙能量,通过光谱棱镜操控宇宙能量，可发射能量束、飞行、创造能量场和吸收能量。,否,0,复仇者联盟,光谱博士（莫妮卡·朗博）,4,团队核心,DR. SPECTRUM/JOSEPH,0.0278990024937655,0.0011083170501971,14,0.6670014437260687,0.33519553072625696
MODOK/GEORGE TARLETO,魔多客/乔治·塔尔顿,男,反派,科技,拥有巨大头部和悬浮身体，具备超强智力、心灵感应、能量发射和飞行能力，是A.I.M.的领导者。,是,1,先锋科技(A.I.M.),无,8,孤傲/控制欲强,MODOK/GEORGE TARLETO,0.0278990024937655,0.000176104622531,0,0.6508066034774966,0.2011173184357542
BROTHER VOODOO/DANIE,巫毒兄弟/丹尼尔·德拉姆,男,正派,魔法,精通巫毒魔法，能召唤灵体、操控火焰、附身他人，并拥有强大的精神感应和治愈能力。,否,0,午夜之子,杰里科·德拉姆,4,沉稳内敛,BROTHER VOODOO/DANIE,0.0275872817955112,0.0010511753267031,14,0.5123908577298408,0.5480225988700564
SUPER SKRULL/KL'RT,超级斯克鲁人/克拉特,男,反派,变异,拥有神奇四侠所有成员的超能力，包括隐形、伸缩、火焰控制和岩石皮肤，由斯克鲁帝国基因改造而成。,否,0,斯克鲁帝国,无,8,忠诚战士,SUPER SKRULL/KL'RT,0.0275872817955112,0.0004146808342942,5,0.5873780174627632,0.2033898305084746
FERAL/MARIA CALLASAN,野性/玛丽亚·卡拉桑,女,反派,变异,拥有猫科动物的超强感官、敏捷性、利爪和再生能力，能像猫一样攀爬和跳跃。,否,0,掠夺者,掠夺者（团队）,4,孤傲,FERAL/MARIA CALLASAN,0.0275872817955112,0.0002710325315218,4,0.6821391884951207,0.12994350282485875
BULLDOZER/HENRY CAMP,推土机/亨利·坎普,男,反派,科技,身穿重型装甲，拥有超强力量和防御力，能高速冲撞摧毁目标，是邪恶组织“邪恶大师”的成员。,否,0,邪恶大师,泽莫男爵,6,团队执行者,BULLDOZER/HENRY CAMP,0.027431421446384,0.0002329851020036,5,0.5993506493506493,0.2159090909090909
"OSBORN, NORMIE",诺米·奥斯本,男,反派,科技,穿戴高科技绿魔装甲，具备飞行、增强力量、发射能量武器和投掷南瓜炸弹的能力。,否,0,邪恶六人组,诺曼·奥斯本,6,复仇心切,"OSBORN, NORMIE",0.0272755610972568,0.0010024042436146,18,0.7175041050903119,0.14857142857142858
"JONES, MARLO CHANDLE",马洛·钱德尔·琼斯,女,反派,变异,拥有超强的心灵感应和精神控制能力，能操纵他人思维并制造幻象。,否,0,地狱火俱乐部,塞巴斯蒂安·肖,7,双重间谍,"JONES, MARLO CHANDLE",0.0272755610972568,0.0008509928064225,7,0.7779967159277504,0.12
URSA MAJOR/MIKHAIL U,大熊/米哈伊尔·U,男,正派,变异,能够变身为巨大的北极熊，拥有超人的力量、耐力和感官，并能控制其他熊类。,否,0,冬卫队,红卫兵,4,团队核心,URSA MAJOR/MIKHAIL U,0.0272755610972568,0.00011069924971,14,0.331888341543514,0.6342857142857142
SHIP,飞船,非人类,正派,科技,一艘拥有高度人工智能的宇宙飞船，具备自主飞行、武器系统、生命维持和战术分析能力，可变形并与驾驶员协同作战。,否,0,银河护卫队,星爵,3,忠诚伙伴,SHIP,0.0271197007481296,0.0003817913716269,4,0.6400239186764999,0.3563218390804598
VAPOR,蒸汽,女,反派,变异,能够将身体转化为蒸汽形态，免疫物理攻击，控制水汽进行攻击和移动，并能通过蒸汽造成窒息或灼伤。,否,0,邪恶大师,泽莫男爵,5,团队合作者,VAPOR,0.0271197007481296,0.0004129814567034,0,0.6381635771709522,0.21264367816091953
BATROC/GEORGES BATRO,巴托克/乔治·巴托,男,反派,格斗,前法国外籍军团成员，精通萨瓦特格斗术，无超能力但体能和格斗技巧远超常人。,是,1,无固定阵营，常作为雇佣兵或独立反派活动,无,4,孤傲,BATROC/GEORGES BATRO,0.0271197007481296,0.0006617671799142,0,0.748721015214936,0.23563218390804597
RONAN THE ACCUSER [K,指控者罗南,男,反派,科技/宇宙能量,克里帝国军事指挥官，拥有超强力量、耐力、飞行能力，使用万能武器，能操控宇宙能量，免疫多数物理攻击。,是,2,克里帝国,至高智慧,8,孤傲/狂热,RONAN THE ACCUSER [K,0.0271197007481296,0.00054453235939,9,0.5757756959670454,0.08045977011494253
CH'OD,乔德,男,正派,变异,拥有鲨鱼人般的超强力量、耐力、游泳速度和锋利牙齿，能在水下呼吸和高速移动。,否,0,星际骑士团,无特定核心导师,4,团队核心,CH'OD,0.0269638403990024,0.0001658088714996,4,0.5296410807904288,0.4624277456647399
SHROUD/MAXIMILLIAN Q,裹尸布/马克西米利安·Q,男,正派,科技,通过高科技装备获得夜视、隐身、增强感官和格斗能力，擅长潜行与情报收集。,否,0,夜魔侠盟友,无明确核心导师,3,孤傲,SHROUD/MAXIMILLIAN Q,0.0269638403990024,0.0004809313497568,14,0.43809651834924046,0.5317919075144508
RAZA LONGKNIFE,拉扎·长刀,男,反派,格斗,精通多种格斗技巧和武器使用，尤其擅长使用长刀，是经验丰富的雇佣兵和战士。,是,1,十戒帮,满大人,4,冷酷/雇佣兵,RAZA LONGKNIFE,0.0268079800498753,0.0001652845810877,4,0.5297157622739018,0.09883720930232558
"KENT, CLARK",克拉克·肯特,男,正派,神力,拥有飞行、超级力量、超级速度、热视线、冰冻呼吸、刀枪不入等超能力，源自氪星人基因与地球太阳辐射的相互作用。,否,0,正义联盟,乔纳森·肯特,1,团队核心,"KENT, CLARK",0.0266521197007481,0.0002645665681269,4,0.5824561403508772,0.45614035087719296
WHIZZER II/STANLEY S,旋风侠二世/斯坦利·S,男,正派,变异,通过实验获得超高速移动能力，能快速奔跑、反应敏捷，并产生旋风效应。,否,0,复仇者联盟,美国队长,3,团队合作者,WHIZZER II/STANLEY S,0.0266521197007481,0.0010485513801261,14,0.6416924664602683,0.3508771929824561
BLACK MAMBA/TANYA SE,黑曼巴/谭雅·塞,女,反派,变异,通过基因改造获得蛇类特性，包括剧毒唾液、超强柔韧性、快速再生和热感应能力。,否,0,邪恶大师,暂无明确核心导师,6,冷酷/服从指令,BLACK MAMBA/TANYA SE,0.0266521197007481,0.0001991364455773,0,0.6802889576883384,0.23391812865497075
BLITZKRIEG/,闪电战/,男,反派,变异,拥有超人的速度、力量和耐力，能产生冲击波，是超级士兵计划的产物。,否,0,九头蛇,红骷髅,6,狂热追随者,BLITZKRIEG/,0.0264962593516209,0.0003672343205207,14,0.3305951966585451,0.12941176470588237
MELTER/BRUNO HORGAN,熔化者/布鲁诺·霍根,男,反派,科技,身穿特制装甲，能发射高温射线熔化金属和物体，装甲提供一定防护和增强力量。,否,0,邪恶大师,无,4,孤傲,MELTER/BRUNO HORGAN,0.0264962593516209,9.205383733096942e-05,5,0.5328924469195963,0.2823529411764706
DEMOLITION MAN/DENNI,破坏者/丹尼,男,反派,科技,身穿高科技装甲，具备超强力量、飞行能力和能量武器，装甲提供防护和战斗支持。,否,0,无固定核心阵营，常作为雇佣兵或独立反派活动,无,4,孤傲,DEMOLITION MAN/DENNI,0.0264962593516209,0.0001523570663895,0,0.6378002088409328,0.14705882352941177
ARISHEM [CELESTIAL],阿里瑟姆 [天神族],非人类,中立,宇宙能量,作为天神族法官，拥有创造和毁灭星球的宇宙级力量，能操控物质和能量，审判文明存亡。,是,1,天神族,无,10,孤傲,ARISHEM [CELESTIAL],0.0264962593516209,0.0003729558203407,5,0.5934563174382179,0.058823529411764705
CRIMSON DYNAMO V/DIM,绯红机甲五号/迪姆,男,反派,科技,驾驶苏联研发的巨型动力装甲，具备飞行、能量武器、超强防御和力量增强能力。,否,0,苏联/俄罗斯军方,无明确核心导师,7,军人作风/忠诚执行,CRIMSON DYNAMO V/DIM,0.0263403990024937,0.000132384643578,14,0.4083544660467737,0.11834319526627218
ARABIAN KNIGHT/ABDUL,阿拉伯骑士/阿卜杜勒,男,正派,魔法,使用魔法飞毯飞行，操控魔法弯刀进行攻击，拥有超人的力量和耐力。,否,0,复仇者联盟,无,3,团队核心,ARABIAN KNIGHT/ABDUL,0.0261845386533665,0.0005565901558718,14,0.3250641573994867,0.6130952380952381
"SOUTHERN, CANDY",坎迪·萨瑟恩,女,反派,科技,通过先进科技装备增强体能和战斗技巧，擅长使用定制武器和战术装备进行渗透与破坏。,否,0,无固定核心阵营,无,4,孤傲,"SOUTHERN, CANDY",0.0261845386533665,0.0001751196101909,4,0.6697319646421442,0.16666666666666666
DIABLO/ESTEBAN DE AB,迪亚布罗/埃斯特班·德·阿布,男,反派,魔法,精通炼金术，能制造各种魔法药剂和化学武器，擅长化学攻击和变形术。,否,0,邪恶大师,无明确核心导师,6,孤傲,DIABLO/ESTEBAN DE AB,0.0261845386533665,0.0012131714305844,5,0.58169375534645,0.23809523809523808
TALISMAN II/ELIZABET,塔利斯曼二世/伊丽莎白,女,正派,魔法,作为塔利斯曼的继承者，她能够操控强大的魔法能量，主要用于防御、能量投射和感知超自然威胁。,否,0,神盾局,塔利斯曼,4,团队核心,TALISMAN II/ELIZABET,0.0261845386533665,0.0001707761879629,14,0.5848303393213573,0.42857142857142855
PLANTMAN/SAM SMITHER,植物人/萨姆·斯密瑟,男,反派,变异,通过变异获得与植物沟通和控制植物的能力，能操控植物生长、移动和攻击，甚至制造植物怪物。,否,0,邪恶大师,无明确核心导师,4,孤僻,PLANTMAN/SAM SMITHER,0.0261845386533665,0.0003144277046307,0,0.6209723410322212,0.20833333333333334
DRAGONFLY/VERONICA D,蜻蜓/维罗妮卡·D,女,反派,科技,通过高科技装备获得飞行能力，配备能量武器和增强力量，擅长空中作战和战术突袭。,否,0,邪恶大师,暂无明确导师,5,孤傲,DRAGONFLY/VERONICA D,0.0260286783042394,0.0003507849745405,0,0.6550032465190101,0.17964071856287425
"GREY, DR. JOHN",约翰·格雷博士,男,反派,变异,拥有强大的心灵感应能力，能读取和控制他人思想，制造精神攻击和幻觉，并具备一定的精神防御能力。,否,0,X战警,X教授,7,孤傲,"GREY, DR. JOHN",0.0260286783042394,0.0001049378489543,4,0.5556597648077339,0.16167664670658682
"STRUCKER, ANDREAS",安德烈亚斯·斯特拉克,男,反派,科技,作为斯特拉克男爵之子，他精通军事战术和间谍技术，擅长使用高科技武器和装备进行战斗。,否,0,九头蛇,斯特拉克男爵,6,孤傲,"STRUCKER, ANDREAS",0.0258728179551122,0.0003093478298153,4,0.6771814530850675,0.18674698795180722
ANACONDA/BLANCHE SIT,巨蟒/布兰奇·西特,女,反派,变异,拥有蛇类基因，身体可极度拉伸和扭曲，力量远超常人，并能分泌毒液。,否,0,邪恶大师,暂无明确核心导师,5,团队合作,ANACONDA/BLANCHE SIT,0.0258728179551122,0.0002087437744828,0,0.6608981380065717,0.18072289156626506
SHAMROCK/MOLLY FITZG,三叶草/莫莉·菲茨杰拉德,女,正派,魔法,拥有基于爱尔兰神话的魔法能力，能召唤幸运光环，操控概率，制造保护性魔法场。,否,0,X战警,X教授,3,团队合作者,SHAMROCK/MOLLY FITZG,0.0258728179551122,0.00011785166762,14,0.30938298649142026,0.6385542168674698
"TANAKA, KENJIRO",田中健次郎,男,反派,科技,精通先进科技武器与战术，擅长使用高科技装备进行渗透与破坏，具备出色的战斗技巧和战略头脑。,否,0,九头蛇,无,4,孤傲,"TANAKA, KENJIRO",0.025716957605985,0.0003107651875755,14,0.6980783444198078,0.08484848484848485
STARSHINE II/BRANDY,星光二世/布兰迪,女,正派,宇宙能量,吸收和操控星光能量，用于飞行、能量投射和防御，能力强度与星光环境相关。,否,0,新勇士,星光一世,3,团队合作,STARSHINE II/BRANDY,0.025716957605985,0.0073703893862988,14,0.7304508499630451,0.3212121212121212
MAM'SELLE HEPZIBAH,赫普齐巴小姐,女,正派,变异,拥有类似猫的敏捷性、夜视能力、锋利的爪子，以及超强的平衡感和攀爬能力。,否,0,星标,科斯莫,3,忠诚伙伴,MAM'SELLE HEPZIBAH,0.0255610972568578,0.0001503141134919,4,0.5186293580727218,0.4634146341463415
TESSA,泰莎,女,正派,科技,作为S.H.I.E.L.D.的智能生命体，具备高级人工智能、数据分析、网络入侵、战术支援及与系统交互的能力。,否,0,神盾局,尼克·弗瑞,3,高效支援,TESSA,0.0255610972568578,0.0001251120544588,4,0.6309292234026636,0.3475609756097561
"STRUCKER, ANDREA",安德烈亚·斯特拉克,女,反派,科技,作为斯特拉克男爵的女儿，她精通各种先进武器和战术，并领导着九头蛇的精英部队，具备出色的战斗和指挥能力。,否,0,九头蛇,斯特拉克男爵,6,冷酷果断,"STRUCKER, ANDREA",0.0255610972568578,0.000297625343042,4,0.6731258416878647,0.18902439024390244
"STONE, LT. MARCUS",马库斯·斯通中尉,男,正派,科技,作为神盾局特工，主要依靠高科技装备、战术训练和格斗技能执行任务，无超自然能力。,否,0,神盾局,尼克·弗瑞,3,团队核心,"STONE, LT. MARCUS",0.0254052369077306,0.0004931146153375,5,0.6878739680375672,0.3374233128834356
MAXIMUS [INHUMAN],马克西姆斯,男,反派,变异,拥有强大的心灵感应和精神控制能力，能操纵他人思想和情绪，是异人族王室成员。,是,0,异人族王室,黑蝠王,8,野心勃勃/阴谋家,MAXIMUS [INHUMAN],0.0254052369077306,0.0004959413958847,5,0.7025675982731198,0.147239263803681
PENANCE/MONET ST. CR,忏悔者/莫奈·圣克罗,女,正派,变异,拥有超人的力量、速度、耐力、飞行能力、自愈能力和心灵感应，是变种人中的全能战士。,否,0,X战警,X教授,7,孤傲,PENANCE/MONET ST. CR,0.0254052369077306,0.000412407187572,4,0.7466484889797773,0.22085889570552147
UNION JACK III/JOEY,联合杰克三世/乔伊·查普曼,男,正派,科技,使用高科技装备，包括能量武器、飞行背包和增强战斗服，具备出色的格斗技巧和战术头脑。,否,0,英国超级英雄团队（如：英国队长团队或MI-13）,布莱恩·福斯克（联合杰克二世）,4,团队合作者,UNION JACK III/JOEY,0.0254052369077306,0.0001939915368362,0,0.5139740967961827,0.4049079754601227
BLAQUESMITH,黑铁匠,男,正派,科技,天才级机械工程师，擅长设计和制造高科技武器与装备，尤其精通动力外骨骼和能量武器系统。,否,0,X战警,野兽,3,技术宅/幕后支援,BLAQUESMITH,0.0254052369077306,0.0014531244316126,4,0.7120351435279861,0.3006134969325153
"WISDOM, PETER",彼得·威斯登,男,正派,变异,拥有超强直觉和预知能力，能感知危险并做出最佳决策，同时具备出色的格斗技巧和战略思维。,否,0,X战警,X教授,3,孤傲,"WISDOM, PETER",0.0254052369077306,0.0003868014052394,4,0.6468226918124669,0.36809815950920244
"ROBERTSON, RANDY",兰迪·罗伯逊,男,正派,格斗,作为《号角日报》的记者，他拥有出色的调查能力和新闻直觉，但没有超能力。,否,0,号角日报,J·乔纳·詹姆森,1,正直记者,"ROBERTSON, RANDY",0.0250935162094763,0.0009695711906384,18,0.7301242236024845,0.16770186335403728
GHAUR [DEVIANT],高尔[异人族],男,反派,变异,拥有心灵感应、念力操控、能量投射等强大超能力，是异人族的领袖之一。,否,0,异人族,无,8,孤傲,GHAUR [DEVIANT],0.0250935162094763,0.0002479701617436,5,0.6090838509316769,0.17391304347826086
RED GUARDIAN III/DR.,红色守卫者III/博士,男,正派,科技,通过高科技装甲获得超级力量、飞行能力、能量发射和增强的防御力，是苏联版本的钢铁侠。,是,1,苏联/俄罗斯超级士兵项目,苏联政府,5,团队核心,RED GUARDIAN III/DR.,0.0250935162094763,0.0001450713321258,14,0.5907608695652173,0.40993788819875776
"POWER, DR. JIM",吉姆·鲍尔博士,男,反派,科技,通过实验获得超强体能和能量操控能力，能发射能量冲击波，增强自身力量与速度。,否,0,无固定阵营,无,4,孤傲,"POWER, DR. JIM",0.0250935162094763,0.0004833872453943,6,0.6701086956521739,0.15527950310559005
MR. FANTASTIC DOPPEL,神奇先生杜佩尔,男,反派,变异,拥有与神奇先生相似的橡胶般延展身体能力，但能力不稳定且受控于他人，常被反派利用进行伪装或破坏。,否,0,无固定阵营,无,4,受控傀儡,MR. FANTASTIC DOPPEL,0.0249376558603491,9.67913672773837e-05,14,0.3242138364779874,0.0875
LIZARD/DR. CURTIS CO,蜥蜴人/科特·康纳斯博士,男,反派,变异,通过蜥蜴血清获得再生能力、超强力量、敏捷性、攀爬能力和部分爬行动物特征，但会失去人性。,是,1,无固定阵营（通常为独立反派）,无,7,孤傲/偏执,LIZARD/DR. CURTIS CO,0.0249376558603491,0.0009146396498448,18,0.6831761006289307,0.2125
TEXAS TWISTER/DREW D,德克萨斯旋风/德鲁·D,男,反派,变异,能够通过高速旋转身体制造强大的龙卷风，用于攻击、防御或移动，并能控制风力方向。,否,0,邪恶大师,泽莫男爵,4,团队追随者,TEXAS TWISTER/DREW D,0.0249376558603491,6.717534220474741e-05,14,0.2890723270440252,0.15
DEVIL-SLAYER/ERIC SI,恶魔杀手/埃里克·斯,男,正派,魔法,使用魔法斗篷召唤恶魔、操控阴影、进行空间传送，并拥有强大的近战格斗能力。,否,0,午夜之子,奇异博士,5,孤傲,DEVIL-SLAYER/ERIC SI,0.0246259351620947,0.0003155303735095,14,0.3490284608562445,0.6139240506329114
VANISHER,瞬移者,男,反派,变异,拥有瞬间移动能力，可传送自身或他人至任何已知地点，但需集中精神且距离有限。,否,0,X战警反派/兄弟会,万磁王,4,孤傲,VANISHER,0.0246259351620947,0.0004734779836379,4,0.6192856566959606,0.24050632911392406
MYSTERIO/QUENTIN BEC,神秘客/昆汀·贝克,男,反派,科技,利用全息投影、无人机、化学烟雾和催眠技术制造幻象，欺骗对手，无实际超能力。,是,1,无固定阵营（曾伪装为英雄）,无,7,欺诈大师/表演型人格,MYSTERIO/QUENTIN BEC,0.0244700748129675,0.0005409053976322,18,0.7059447983014862,0.12101910828025478
MOLECULE MAN/OWEN RE,分子人/欧文·里斯,男,中立,宇宙能量,拥有操控所有物质分子的能力，可重塑现实，是漫威宇宙中最强大的存在之一。,否,0,无固定阵营,超越者,10,孤傲,MOLECULE MAN/OWEN RE,0.0244700748129675,0.0002846590104251,14,0.5135554466764658,0.07006369426751592
MENTOR/ALARS [ETERNA,导师/阿拉尔斯 [永恒族,男,正派,神力,作为永恒族领袖，拥有超强智力、能量操控、飞行、不朽寿命及创造科技的能力。,是,1,永恒族,天神组,3,团队核心,MENTOR/ALARS [ETERNA,0.0243142144638403,0.0002769371492206,14,0.5454921422663358,0.4551282051282051
BATTLESTAR/LEMAR HOS,战星/勒马尔·霍斯,男,正派,科技,通过超级士兵血清增强体能，身穿高科技战斗服，擅长近战格斗与战术指挥。,否,0,美国密探的搭档/神盾局,美国密探（约翰·沃克）,4,忠诚伙伴/团队支持者,BATTLESTAR/LEMAR HOS,0.0243142144638403,0.000304190978837,0,0.7088502894954507,0.30128205128205127
"KINCAID, DR. KEITH",基思·金凯德博士,男,反派,科技,拥有天才级智力，擅长开发先进武器和机器人技术，通过科技装备增强自身战斗能力。,否,0,九头蛇,红骷髅,6,孤傲,"KINCAID, DR. KEITH",0.0243142144638403,0.0002792109439139,5,0.6499586435070306,0.15384615384615385
VENOM/EDDIE BROCK,毒液/艾迪·布洛克,男,中立,变异,共生体赋予的超强力量、速度、自愈能力，可变形伪装，对蜘蛛感应免疫，弱点为声波和火焰。,否,3,无固定阵营,无,7,孤傲/双重身份,VENOM/EDDIE BROCK,0.0243142144638403,0.0012111060826365,18,0.7686517783291977,0.038461538461538464
"STACY, JILL",吉尔·史黛西,女,正派,格斗,作为纽约警察局警官，具备出色的格斗技巧、射击能力和侦查技能，无超能力。,否,0,纽约警察局,乔治·史黛西,2,坚韧独立,"STACY, JILL",0.0243142144638403,0.0016305347094962,18,0.7855252274607113,0.16666666666666666
SAURON/DR. KARL LYKO,索伦/卡尔·莱科博士,男,反派,变异,拥有变身为翼龙形态的能力，具备飞行、超强力量、再生能力和催眠凝视，能通过咬伤传播变种基因。,否,0,无固定阵营，常与变种人反派合作,无明确导师,7,孤傲/偏执,SAURON/DR. KARL LYKO,0.0241583541147132,0.0002503996693378,4,0.6749057394218685,0.09032258064516129
THANOS DOPPELGANGER,灭霸分身,非人类,反派,神力,拥有灭霸的物理力量、耐力、战斗技巧和无限手套的复制品，但缺乏灭霸的智慧和意志力，是魔法创造的复制体。,否,0,无固定阵营,无,7,孤傲,THANOS DOPPELGANGER,0.0241583541147132,1.066502331263815e-05,14,0.2628403854210306,0.09032258064516129
"LE FEY, MORGAN",摩根·勒菲,女,反派,魔法,精通强大黑魔法，能操控时间、空间和现实，召唤恶魔，施展诅咒，并拥有不朽生命。,否,0,无固定阵营，常作为独立反派或与黑暗势力结盟,无明确核心导师，但受亚瑟王传说和魔法传统影响,9,孤傲,"LE FEY, MORGAN",0.0241583541147132,0.0001979683185014,5,0.5839966485127775,0.10967741935483871
SWORDSMAN/JACQUES DU,剑客/雅克·杜,男,反派,格斗,精通剑术和武术，使用能量剑，无超能力但格斗技巧高超。,否,0,九头蛇,无明确核心导师,4,孤傲,SWORDSMAN/JACQUES DU,0.0241583541147132,9.832606203910426e-05,14,0.5228320067029745,0.16129032258064516
WATER WIZARD/PETE,水巫师/皮特,男,反派,魔法,能够操控水流，制造水龙卷和水墙进行攻击和防御。,否,0,无,无,3,孤傲,WATER WIZARD/PETE,0.024002493765586,0.0002517117998109,0,0.6297428062133945,0.19480519480519481
GAEA,盖亚,女,正派,神力,地球的化身，拥有操控自然、生命、大地和能量的神力，是地球的守护者和生命之源。,否,0,天神组/地球守护者,无,10,神秘莫测,GAEA,0.0236907730673316,0.0003002378234534,5,0.6316660857441617,0.34210526315789475
ASP II/CLEO,克莱奥/克莱奥,女,正派,科技,通过高科技装备获得蜘蛛侠般的超能力，包括超强力量、敏捷性、攀爬能力和蛛网发射器。,否,0,神盾局,尼克·弗瑞,4,团队合作,ASP II/CLEO,0.0236907730673316,0.0001645680632611,0,0.6829034506796794,0.19078947368421054
"CUSHING, KATE",凯特·库欣,女,正派,格斗,没有超能力，但精通格斗技巧、战术策略和武器使用，是神盾局特工。,否,0,神盾局,尼克·弗瑞,3,团队合作,"CUSHING, KATE",0.0236907730673316,0.0002260094664569,18,0.6670442662948763,0.24342105263157895
EPOCH,纪元,男,正派,宇宙能量,能够操控时间，包括时间旅行、时间暂停、加速或减速时间流动，以及观察时间线分支。,否,0,无固定阵营，常与复仇者联盟等英雄合作,无,7,孤傲,EPOCH,0.0236907730673316,0.0002620398014786,9,0.530672708260718,0.4407894736842105
"SZARDOS, MARGALI",玛格丽·萨尔多斯,女,中立,魔法,精通黑魔法与白魔法，擅长占卜、召唤、变形术，能操控能量与灵魂，是强大的女巫。,否,0,魔法界/罗马尼吉普赛部落,无明确核心导师,7,神秘/孤傲/部落领袖,"SZARDOS, MARGALI",0.0236907730673316,0.0002834622142705,4,0.6026490066225165,0.02631578947368421
ZIRAN,自然,非人类,反派,宇宙能量,掌控自然元素，能操控植物、动物、天气和大地，是地球原始自然力量的化身。,否,0,无固定阵营,无,8,孤傲,ZIRAN,0.0235349127182044,0.000200924649514,5,0.554701986754967,0.07947019867549669
"CHENEY, LILA",莱拉·切尼,女,反派,科技,拥有先进的网络黑客技术，能入侵并控制神盾局等组织的安全系统，擅长信息战和电子干扰。,否,0,九头蛇,亚历山大·皮尔斯,6,双重间谍,"CHENEY, LILA",0.0235349127182044,0.0001237144374394,4,0.5748344370860927,0.10596026490066225
ORACLE/LADY SIBYL,神谕/女先知,女,中立,魔法,拥有预知未来的能力，通过魔法仪式或水晶球揭示潜在事件，但预言常具模糊性。,否,0,无固定阵营,无,3,神秘莫测,ORACLE/LADY SIBYL,0.0235349127182044,0.0003863380090742,9,0.5695364238410596,0.013245033112582781
ARCANNA/ARCANNA JONE,阿尔卡娜/阿尔卡娜·琼斯,女,正派,魔法,精通魔法，能操控能量、飞行、制造幻象，并拥有预知能力。,否,0,捍卫者联盟,奇异博士,4,团队核心,ARCANNA/ARCANNA JONE,0.0235349127182044,0.0007730408845773,14,0.6648123620309051,0.304635761589404
BOLT II/CHRIS BRADLE,闪电侠II/克里斯·布拉德利,男,正派,变异,能生成和操控电磁能量，发射闪电束，进行高速飞行，并具备一定的电磁感应能力。,否,0,X战警,X教授,4,团队核心,BOLT II/CHRIS BRADLE,0.0235349127182044,0.00053572581754,6,0.5894039735099338,0.4370860927152318
"HAMMER, JUSTIN",贾斯汀·汉默,男,反派,科技,无超能力，但拥有天才商业头脑和军事工业资源，通过科技武器制造和雇佣反派来达成目的。,是,1,汉默工业,无,6,野心勃勃/善于操纵/双重交易,"HAMMER, JUSTIN",0.0235349127182044,0.0007566521442427,18,0.7421633554083885,0.19205298013245034
THUNDERBIRD III/NEAL,雷鸟三世/尼尔,男,正派,变异,拥有超人的力量、速度、耐力、飞行能力以及能量吸收和释放雷电的能力。,否,0,X战警,X教授,5,团队核心,THUNDERBIRD III/NEAL,0.0233790523690773,0.0002464503040692,4,0.5507829977628635,0.44
SILVERMANE/SILVIO MA,银鬃/西尔维奥·马,男,反派,科技,通过实验获得超强力量和耐力，使用机械外骨骼增强战斗能力，是纽约黑帮头目。,否,0,无固定阵营（主要作为蜘蛛侠反派）,无,5,孤傲/犯罪头目,SILVERMANE/SILVIO MA,0.0233790523690773,0.0003618233727627,18,0.7291275167785235,0.17333333333333334
BOX IV/MADISON JEFFR,盒子四号/麦迪逊·杰弗,女,正派,科技,通过高科技外骨骼装甲获得超强力量、飞行能力、能量武器和防御力场。,否,0,阿尔法飞行队,罗杰·布伊西,4,团队合作者,BOX IV/MADISON JEFFR,0.0233790523690773,0.000387175210734,14,0.6502908277404922,0.3466666666666667
EGO,伊戈,非人类,反派,宇宙能量,拥有古老宇宙意识，能操控物质、创造分身、吸收生命能量，核心是一颗活体行星。,是,1,无固定阵营,无,9,孤傲,EGO,0.0233790523690773,0.0005545066355083,9,0.5722595078299777,0.10666666666666667
SCANNER II,扫描者二世,女,反派,科技,拥有高科技扫描与信息处理能力，能入侵电子系统、分析目标弱点，并配备能量武器进行战斗。,否,0,九头蛇,红骷髅,6,双重间谍,SCANNER II,0.0233790523690773,8.59943780668602e-05,4,0.5760178970917226,0.12666666666666668
PROWLER/HOBIE BROWN,潜行者/霍比·布朗,男,反派,科技,通过高科技装备获得强化力量、敏捷度、攀爬能力和能量冲击，并配备爪子和滑翔翼等武器。,否,0,无固定核心阵营,无,4,孤傲,PROWLER/HOBIE BROWN,0.0232231920199501,0.0005725908197089,18,0.6813894431344096,0.1476510067114094
"MERRYWEATHER, IRENE",艾琳·梅里韦瑟,女,反派,科技,作为九头蛇特工，擅长使用高科技武器和装备进行战斗与情报活动。,否,0,九头蛇,红骷髅,4,双重间谍,"MERRYWEATHER, IRENE",0.0232231920199501,0.0024644736418958,4,0.8026482858697623,0.09395973154362416
"WINGFOOT, WYATT",飞足，怀亚特,男,正派,科技,通过高科技靴子获得飞行能力，具备空中格斗技巧和战术分析能力。,否,0,神盾局,尼克·弗瑞,3,忠诚下属,"WINGFOOT, WYATT",0.0230673316708229,0.000609338765322,5,0.708310351167494,0.27702702702702703
DORMAMMU,多玛姆,非人类,反派,魔法,黑暗维度的主宰，拥有近乎无限的魔法力量，能操控黑暗能量、扭曲现实、创造维度，并几乎不朽。,是,1,无固定阵营（黑暗维度势力）,无,10,孤傲,DORMAMMU,0.0230673316708229,0.0021993519326213,14,0.7227431513145799,0.10135135135135136
DRACULA/VLAD TEPES,德古拉/弗拉德·采佩什,非人类,反派,魔法,吸血鬼始祖，拥有超强力量、速度、再生能力，可变形为蝙蝠或雾，通过咬伤传播诅咒。,否,0,吸血鬼部族,无,8,孤傲,DRACULA/VLAD TEPES,0.0230673316708229,0.0036171521023248,14,0.6587608016179445,0.08783783783783784
"POWER, MARGARET",玛格丽特·鲍尔,女,反派,变异,拥有超人的力量、速度和耐力，能发射能量冲击波，并具备飞行能力。,否,0,邪恶大师,泽莫男爵,6,忠诚追随者,"POWER, MARGARET",0.0230673316708229,0.0004282398708228,6,0.653061224489796,0.1554054054054054
NIGHTHAWK/KYLE RICHM,夜鹰/凯尔·里奇蒙,男,正派,科技/格斗,精通武术和侦探技能，使用高科技装备如滑翔翼和夜视镜，无超能力但体能卓越。,否,0,捍卫者联盟,无明确核心导师,3,孤傲/侦探风格,NIGHTHAWK/KYLE RICHM,0.0229114713216957,0.0005179478982431,14,0.3272761159258224,0.6258503401360545
WHIZZER III/JAMES SA,疾速侠三世/詹姆斯·萨,男,正派,变异,拥有超人类速度，能高速移动、快速反应和制造冲击波，速度接近音速。,否,0,复仇者联盟,美国队长,3,团队合作者,WHIZZER III/JAMES SA,0.0229114713216957,0.0003574710998718,18,0.6798993570030751,0.3469387755102041
KRISTOFF/KRISTOFF VE,克里斯托夫·维尔纳夫,男,反派,科技,通过毁灭博士的科技改造获得超人类体能、能量发射和飞行能力，并继承了毁灭博士的部分知识。,否,0,毁灭博士阵营,毁灭博士,6,忠诚追随者,KRISTOFF/KRISTOFF VE,0.0229114713216957,0.0001154184948253,5,0.5660236697418694,0.19727891156462585
"LUBENSKI, NATE","卢本斯基, 内特",男,中立,科技,精通先进武器和战术装备，具备高超的战术分析能力，无超自然能力。,否,0,神盾局,尼克·弗瑞,3,冷静分析,"LUBENSKI, NATE",0.0229114713216957,0.0001708775893838,18,0.6565091790140714,0.047619047619047616
"ROBERTSON, MARTHA",玛莎·罗伯逊,女,正派,格斗,无超能力，作为《号角日报》记者，擅长调查报道，是蜘蛛侠彼得·帕克的同事和盟友。,否,0,号角日报,J·乔纳·詹姆森,1,友善正直,"ROBERTSON, MARTHA",0.0229114713216957,0.0003584585566538,18,0.6812971764048086,0.1836734693877551
MANTIS/? BRANDT,螳螂女/布兰特,女,正派,宇宙能量,拥有强大的心灵感应能力，能感知和影响他人情绪，甚至安抚或催眠目标。,是,3,银河护卫队,星爵,3,天真善良,MANTIS/? BRANDT,0.0227556109725685,6.832863726906292e-05,14,0.5787435049598488,0.3904109589041096
"SIKORSKY, RAYMOND",雷蒙德·西科尔斯基,男,正派,科技,神盾局高级特工，无超能力，但精通情报分析、战术指挥和多种格斗技巧，是神盾局内部的重要智囊。,否,0,神盾局,尼克·弗瑞,3,冷静理智,"SIKORSKY, RAYMOND",0.0227556109725685,0.0001011585162665,0,0.5683514407179971,0.410958904109589
EEL II/EDWARD LAVELL,鳗人二世/爱德华·拉维尔,男,反派,变异,拥有鳗鱼般的滑行、水下呼吸能力，皮肤可分泌粘液，具备一定水下战斗技巧。,否,0,邪恶大师,鳗人一世/利奥波德·斯特赖克,3,追随者,EEL II/EDWARD LAVELL,0.0227556109725685,0.0001461970251679,0,0.601511572980633,0.2534246575342466
PLUTO [OLYMPIAN],冥王[奥林匹亚],非人类,反派,神力,作为希腊神话冥界之神，拥有操控死亡、灵魂、黑暗能量的神力，能召唤亡灵，掌控冥界领域。,否,0,奥林匹亚众神,无,9,孤傲,PLUTO [OLYMPIAN],0.0225997506234413,0.0004649782090662,5,0.6620689655172414,0.1310344827586207
RED WOLF III/WILL TA,红狼三世/威尔·塔,男,正派,格斗,精通格斗技巧、追踪与生存技能，使用传统武器如弓箭和战斧，无超自然能力。,否,0,复仇者联盟,鹰眼,3,团队合作者,RED WOLF III/WILL TA,0.0225997506234413,0.0023274892948028,14,0.2824712643678161,0.6137931034482759
SHOCKER/HERMAN SCHUL,震荡者/赫尔曼·舒尔,男,反派,科技,使用自制的振动手套和护甲，能产生强力冲击波，用于攻击、破坏或防御，但依赖装备。,是,1,无固定阵营，常为雇佣罪犯或独立反派,无,4,孤傲,SHOCKER/HERMAN SCHUL,0.0225997506234413,0.0003269600183413,18,0.6588122605363984,0.2482758620689655
DAREDEVIL DOPPELGANG,夜魔侠复制体,男,反派,变异,拥有与夜魔侠完全相同的超感官能力，包括超级听觉、触觉、嗅觉、味觉及雷达感官，但缺乏夜魔侠的格斗技巧与道德准则。,否,0,无固定阵营,无,4,孤傲,DAREDEVIL DOPPELGANG,0.0225997506234413,4.891957887481302e-05,14,0.27021072796934864,0.0896551724137931
RINTRAH,林特拉,非人类,正派,魔法,林特拉是魔法生物，拥有强大的魔法能力，能够操控神秘能量进行防御、攻击和传送，是奇异博士的盟友。,是,1,至尊圣所,古一,3,忠诚盟友,RINTRAH,0.0225997506234413,0.0010438359027698,14,0.6223180076628352,0.38620689655172413
KRO [DEVIANT],克罗[异变族],非人类,反派,变异,异变族首领，拥有超强再生能力、变形能力、能量吸收和发射，能操控其他异变族。,是,1,异变族,天神族,8,孤傲,KRO [DEVIANT],0.0225997506234413,0.0002655954146663,5,0.6699233716475096,0.11724137931034483
"CORTEZ, FABIAN",法比安·科尔特斯,男,反派,科技,拥有超强体能、敏捷性和耐力，精通多种格斗技巧，配备高科技装备如能量武器和防护服。,否,0,九头蛇,红骷髅,4,忠诚执行者,"CORTEZ, FABIAN",0.0224438902743142,8.774771931008038e-05,4,0.5608974358974359,0.13194444444444445
MAN-KILLER/KATRINA L,杀人魔/卡特里娜·L,女,反派,科技,通过强化战斗服获得超级力量、速度和耐力，擅长格斗与暗杀，装备有致命武器。,否,0,无固定阵营（常作为雇佣兵或独立反派）,无,6,孤傲,MAN-KILLER/KATRINA L,0.0224438902743142,0.0002158815317159,0,0.62004662004662,0.20833333333333334
ROMA,罗马,女,正派,魔法,拥有强大的魔法能力，能操控现实、创造维度，是多元宇宙的守护者之一。,否,0,英国队长军团,梅林,8,孤傲,ROMA,0.0224438902743142,0.0001748642886619,4,0.6376262626262627,0.3194444444444444
TOMBSTONE/LONNIE THO,墓碑/朗尼·汤姆森,男,反派,变异,通过实验获得超强力量、速度、耐力，皮肤如石头般坚硬，牙齿锋利如獠牙。,否,0,无固定阵营，常作为雇佣反派或独立行动,无明确导师,6,孤傲/暴力倾向,TOMBSTONE/LONNIE THO,0.0224438902743142,0.0007872984046234,18,0.7935120435120435,0.1111111111111111
"JONES, CHARLOTTE",夏洛特·琼斯,女,正派,变异,拥有超强的心灵感应能力，能够读取他人思想并进行精神攻击，同时具备预知未来的潜力。,否,0,X战警,X教授,5,内向谨慎,"JONES, CHARLOTTE",0.0224438902743142,0.0001887743045122,4,0.6363636363636364,0.3958333333333333
PHOENIX II,凤凰女二代,女,正派,宇宙能量,继承凤凰之力碎片，拥有强大的心灵感应、念动力和能量操控能力，能释放毁灭性宇宙火焰。,否,0,X战警,琴·葛蕾,8,孤傲,PHOENIX II,0.0224438902743142,0.000151627039038,4,0.633935508935509,0.2986111111111111
"LANG, CASSANDRA CASS",凯西·朗,女,正派,科技,使用蚁人战衣，可缩小至亚原子级别并保留正常力量，控制蚂蚁等昆虫，通过皮姆粒子实现大小变化。,是,2,复仇者联盟,斯科特·朗,3,团队核心,"LANG, CASSANDRA CASS",0.0224438902743142,0.0001644415828231,5,0.5947940947940948,0.3958333333333333
QUICKSAND,流沙,女,反派,变异,能够将身体转化为沙状物质，控制沙子进行攻击、防御和变形，并能通过沙子感知周围环境。,否,0,邪恶大师,暂无明确核心导师,5,孤傲,QUICKSAND,0.022288029925187,0.0001294349164092,0,0.6041564069733083,0.2097902097902098
LEGION II/DAVID HALL,军团二世/大卫·霍尔,男,反派,变异,拥有超强心灵感应和心灵控制能力，能操纵他人思想、制造幻觉，并能进行精神攻击。,否,0,地狱火俱乐部,塞巴斯蒂安·肖,7,孤傲,LEGION II/DAVID HALL,0.022288029925187,0.0001374889358293,4,0.5399389343051315,0.11188811188811189
KARKAS [DEVIANT],卡卡斯[异人族],非人类,中立,变异,拥有超强力量和耐力，皮肤坚硬如岩石，是异人族基因突变产物，智力相对较低。,否,0,异人族,黑蝠王,3,忠诚追随者,KARKAS [DEVIANT],0.022288029925187,0.0002454236745025,5,0.6449325322564758,0.03496503496503497
GREY GARGOYLE/PAUL P,灰石像鬼/保罗·皮埃尔·杜瓦尔,男,反派,魔法,通过触摸将生物或物体瞬间转化为石头，自身可石化并保持意识活动，拥有超强力量和耐久性。,否,0,无固定阵营，常作为独立反派或临时加入反派组织,无,7,孤傲,GREY GARGOYLE/PAUL P,0.022288029925187,0.0003058440346658,5,0.5970649069240619,0.22377622377622378
"GREY, ELAINE",伊莱恩·格雷,女,正派,变异,拥有心灵感应、念动力、能量操控等强大变种能力，潜力巨大但需控制。,否,0,X战警,查尔斯·泽维尔,8,孤傲,"GREY, ELAINE",0.0221321695760598,5.725804086203085e-05,4,0.5091399460593347,0.4084507042253521
CAPTAIN MARVEL III/G,惊奇队长III/G,女,正派,宇宙能量,拥有宇宙能量赋予的飞行、超强力量、能量吸收与释放、超光速飞行及宇宙感知能力。,否,0,复仇者联盟,惊奇队长（卡罗尔·丹弗斯）,7,团队核心,CAPTAIN MARVEL III/G,0.0221321695760598,0.0030531799389863,0,0.749475576865448,0.2676056338028169
"DRUMM, JERICHO",杰里科·德拉姆,男,反派,魔法,作为至尊法师的宿敌，精通黑魔法，能召唤恶魔、操控黑暗能量，并拥有强大的魔法攻击和防御能力。,否,0,无固定阵营，常作为独立反派或与黑暗势力合作,无明确导师，自学黑魔法,8,孤傲,"DRUMM, JERICHO",0.0221321695760598,0.0004575036283424,14,0.3510138847268005,0.1056338028169014
MASTERMIND/JASON WYN,大师/杰森·温,男,反派,变异,拥有强大的心灵感应能力，能制造逼真的幻觉、操控他人思想，并读取记忆。,否,0,地狱火俱乐部,塞巴斯蒂安·肖,8,阴谋家,MASTERMIND/JASON WYN,0.0221321695760598,0.0001357940459146,4,0.6171211667166117,0.18309859154929578
M,M,女,正派,变异,拥有强大的心灵感应能力，能读取、操控他人思维，制造精神攻击，并具备飞行和能量投射能力。,否,0,X战警,X教授,6,孤傲,M,0.0219763092269326,0.0003777942531471,4,0.7181357649442756,0.23404255319148937
IRONCLAD,铁甲,男,反派,变异,通过实验获得超强力量、耐力、皮肤硬化能力，能承受极端物理攻击，但精神不稳定。,否,0,邪恶大师,泽莫男爵,6,暴力冲动,IRONCLAD,0.0219763092269326,0.0002419913099586,7,0.5632218844984802,0.19148936170212766
EBONY,埃博尼,非人类,反派,宇宙能量,拥有强大的宇宙能量操控能力，能进行空间传送、能量投射和精神控制，是灭霸的黑暗使者之一。,是,1,灭霸军团,灭霸,7,冷酷执行者,EBONY,0.0219763092269326,0.0002339809327934,5,0.5095238095238095,0.1773049645390071
"TOWER, BLAKE",布莱克·托尔,男,反派,科技,拥有高科技装备和武器，擅长战术策划与电子战，具备出色的战斗技巧和领导能力。,否,0,九头蛇,红骷髅,7,孤傲,"TOWER, BLAKE",0.0219763092269326,0.0007722493089214,18,0.7263424518743667,0.12056737588652482
VALINOR,瓦林诺,非人类,中立,宇宙能量,作为宇宙实体，拥有操控现实、能量投射和跨维度旅行的能力，通常以星球形态存在。,否,0,宇宙实体/独立存在,无,8,孤傲,VALINOR,0.0219763092269326,0.0001451723634661,14,0.30840932117527864,0.03546099290780142
VOLCANA/MARSHA ROSEN,火山女/玛莎·罗森,女,反派,变异,身体可转化为熔岩形态，产生并操控高温岩浆，免疫火焰伤害。,否,0,邪恶大师,暂无明确核心导师,5,孤傲,VOLCANA/MARSHA ROSEN,0.0219763092269326,0.0002443436145457,14,0.46585612968591694,0.2553191489361702
HAMMERHEAD,锤头,男,反派,科技,通过手术将头骨替换为坚不可摧的金属，拥有超强头部撞击能力，精通街头格斗和枪械使用。,否,0,纽约黑帮/犯罪组织,无明确核心导师,4,冷酷/暴力/黑帮头目,HAMMERHEAD,0.0219763092269326,0.0003368871220188,18,0.7024316109422493,0.2127659574468085
NIGHTMARE/EDVARD HAB,梦魇/爱德华·哈布,非人类,反派,魔法,作为梦之维度的统治者，能操控梦境、入侵他人梦境、制造恐怖幻象，并利用恐惧增强自身力量。,否,0,无固定阵营,无,7,孤傲,NIGHTMARE/EDVARD HAB,0.0219763092269326,0.0007864110188544,14,0.7442755825734549,0.07801418439716312
MASTER/ESHU,大师/埃舒,男,反派,魔法,作为非洲巫毒神祇，拥有强大的魔法能力，包括变形、操控现实、召唤亡灵和制造幻象。,否,0,无固定核心阵营，常作为独立反派或与巫毒相关角色对抗,无,7,孤傲,MASTER/ESHU,0.0219763092269326,0.000148730649953,14,0.6191489361702127,0.1702127659574468
KRAVEN THE HUNTER/SE,猎人克莱文/谢尔盖·克拉维诺夫,男,反派,变异,通过饮用神秘药水获得超人类力量、速度、敏捷性和感官，精通狩猎技巧和格斗术，能短暂与动物沟通。,否,0,邪恶六人组,无,7,孤傲,KRAVEN THE HUNTER/SE,0.0218204488778054,0.0005356392773003,18,0.5826310380267214,0.18571428571428572
SERGEI,谢尔盖,男,反派,科技,通常指代“红卫兵”谢尔盖·克拉维诺夫，苏联时期改造的超级士兵，拥有超人的力量、速度、耐力和格斗技巧。,否,0,苏联超级士兵项目/红卫兵,无明确核心导师,4,孤傲/忠诚于国家,SERGEI,0.0218204488778054,0.0001060638272115,14,0.5694758478931141,0.15
IRON MAN DOPPELGANGE,钢铁侠替身,非人类,反派,科技,由奥创创造的机器人，外形和能力模仿钢铁侠，拥有能量炮、飞行和战斗技能。,否,0,奥创军团,奥创,5,服从指令,IRON MAN DOPPELGANGE,0.0218204488778054,6.366448152782336e-06,14,0.2017471736896197,0.09285714285714286
"COUNT NEFARIA, LUCHI",卢奇·内法里亚伯爵,男,反派,科技,通过离子能量强化获得超级力量、速度、耐力、飞行能力及能量投射，但依赖设备维持。,否,0,雷霆特工队/邪恶大师,无,8,孤傲,"COUNT NEFARIA, LUCHI",0.0218204488778054,0.0001525222055627,0,0.6661870503597123,0.11428571428571428
RED GUARDIAN V,红色守卫者五号,男,正派,科技,通过苏联超级士兵血清强化，拥有超人的力量、耐力、速度和反应能力，精通各种武器和格斗技巧。,是,1,苏联超级士兵计划,阿列克谢·肖斯塔科夫,4,忠诚战士,RED GUARDIAN V,0.0218204488778054,8.13106718353068e-05,0,0.5565262076053443,0.40714285714285714
BOVA,波娃,女,正派,变异,拥有牛头人身，具备超常力量、耐久力和智力，能进行心灵感应和跨维度感知。,否,0,英国队长军团,梅林,3,智慧守护者,BOVA,0.0218204488778054,0.0002613134256467,2,0.6328879753340185,0.39285714285714285
MADAME MASQUE/GIULIE,面具夫人/朱莉,女,反派,科技/格斗,精通格斗技巧，使用高科技面具和武器，擅长伪装和间谍活动。,否,0,九头蛇/独立反派,无明确导师,6,孤傲/双重间谍,MADAME MASQUE/GIULIE,0.0218204488778054,0.0001772157481292,0,0.7015416238437822,0.12857142857142856
ANGAR THE SCREAMER/D,尖叫者安加尔/D,男,反派,变异,通过声波攻击，能发出高频尖叫，造成物理伤害和精神干扰，使目标痛苦或失去行动能力。,否,0,无固定核心阵营,无,4,孤傲,ANGAR THE SCREAMER/D,0.0216645885286783,0.0002201401270708,2,0.6857470545302888,0.2805755395683453
S'YM,赛姆,非人类,反派,魔法,恶魔形态，拥有超强力量、耐力、飞行能力，并能操控黑暗能量和召唤恶魔仆从。,否,0,地狱火俱乐部,黑皇后塞勒涅,7,忠诚仆从,S'YM,0.0216645885286783,0.0001721483210253,4,0.5522886038994891,0.17266187050359713
PORCUPINE/ALEX GENTR,豪猪/亚历克斯·金特,男,反派,科技,身穿高科技豪猪战甲，具备超强防御、能量发射和近战攻击能力。,否,0,无固定阵营,无,4,孤傲,PORCUPINE/ALEX GENTR,0.0216645885286783,5.750394394130263e-05,0,0.5205922218746741,0.302158273381295
ARCLIGHT/PHILLIPA SO,弧光/菲利帕·索,女,反派,变异,通过跺脚或拍手产生强大的地震波，能震碎建筑物、引发地面裂缝，并造成眩晕效果。,否,0,掠夺者,万磁王,6,忠诚追随者,ARCLIGHT/PHILLIPA SO,0.0216645885286783,0.0001832515658911,4,0.5813783755604212,0.2446043165467626
STRANGER,陌生人,非人类,反派,宇宙能量,拥有近乎全能的神级力量，包括宇宙能量操控、物质重组、维度旅行、创造生命、心灵感应等，是宇宙级实体。,否,0,无固定阵营,无,10,孤傲,STRANGER,0.0216645885286783,0.0001187438249737,14,0.5551037430924826,0.16546762589928057
GAMMENON [CELESTIAL],伽玛农[天神],非人类,中立,宇宙能量,作为天神组成员，拥有创造和毁灭星系的宇宙级力量，能操控能量和物质，近乎不朽。,否,0,天神组,无,10,孤傲,GAMMENON [CELESTIAL],0.0215087281795511,0.0003538138707122,5,0.5641595260763779,0.057971014492753624
"MCLAREN, MEGAN",梅根·麦克拉伦,女,反派,科技,精通先进科技装备，擅长使用高科技武器和战术，具备出色的战斗技巧和情报分析能力。,否,0,九头蛇,红骷髅,4,双重间谍,"MCLAREN, MEGAN",0.0215087281795511,0.0001160182750066,0,0.4786840156564054,0.15942028985507245
EXODUS/BENNET DUPARI,出埃及记/本内特·杜帕里,男,反派,变异,拥有强大的心灵感应和心灵控制能力，能进行精神攻击、制造幻象、读取思想，并具备飞行和能量投射能力。,否,0,变种人兄弟会,万磁王,8,狂热信徒,EXODUS/BENNET DUPARI,0.0215087281795511,0.0001214054608675,4,0.5589759864593251,0.16666666666666666
CLOWN/CRAFTY ELIOT F,小丑/狡猾的埃利奥特·F,男,反派,科技,精通各种高科技装备和武器，擅长制造混乱和恐怖袭击，无超自然能力。,否,0,无固定阵营,无,4,孤傲,CLOWN/CRAFTY ELIOT F,0.0215087281795511,0.0002820649785198,0,0.6269967206177933,0.12318840579710146
X-RAY,X射线,男,反派,变异,能够发射高强度X射线，穿透物体并造成伤害，自身对辐射有一定抵抗力。,否,0,无固定核心阵营（常作为雇佣反派或独立行动）,无明确导师,4,孤傲,X-RAY,0.0215087281795511,0.0002340673444294,7,0.5563313233894002,0.1956521739130435
"ROSS, EVERETT KENNET",埃弗雷特·肯尼特·罗斯,男,正派,格斗,无超能力，但精通军事战术、格斗技巧和武器使用，是经验丰富的特种部队指挥官。,是,约3部,美国军方/联合国特别行动组,无明确核心导师,3,纪律严明/忠诚可靠/军方作风,"ROSS, EVERETT KENNET",0.0213528678304239,0.0005209596971044,18,0.6504937741519965,0.3284671532846715
SLEEPWALKER,梦游者,男,正派,魔法,能够进入并操控他人的梦境，在梦境中拥有超强力量，并能将梦境中的事物部分带入现实。,否,0,午夜之子,奇异博士,4,孤傲,SLEEPWALKER,0.0213528678304239,0.0020342853616778,8,0.6217260626878489,0.36496350364963503
BLACK TOM CASSIDY,黑汤姆·卡西迪,男,反派,变异,能控制植物生长，与植物共生并从中汲取能量，增强力量与耐力，可发射能量冲击波。,否,0,地狱火俱乐部,塞巴斯蒂安·肖,6,孤傲,BLACK TOM CASSIDY,0.0213528678304239,0.0002521700520018,4,0.6489909832546157,0.13138686131386862
COLLECTIVE MAN,集体人,男,反派,变异,由五胞胎兄弟组成，可合体为巨大战士，共享感官与思维，力量、速度、耐力大幅增强。,否,0,人民保卫力量,无,4,团队协作,COLLECTIVE MAN,0.0213528678304239,0.0001669213791171,14,0.12322885358522973,0.13138686131386862
DEFENSOR,防御者,男,正派,科技,通过高科技装甲获得飞行、能量护盾、能量冲击波和超强防御力，擅长战术分析和团队支援。,否,0,复仇者联盟,托尼·斯塔克,3,团队支援,DEFENSOR,0.0211970074812967,1.1636073285857477e-05,14,0.11023965141612202,0.6985294117647058
"PEREGRINE, LE/FRANCK",游隼/弗兰克·勒,男,反派,科技,使用高科技飞行翼进行空中作战，配备能量武器和增强型装甲，具备出色的飞行机动性和战术打击能力。,否,0,九头蛇,红骷髅,6,忠诚执行者,"PEREGRINE, LE/FRANCK",0.0211970074812967,6.166207321060623e-05,14,0.21579520697167753,0.13970588235294118
"BANNON, LANCE",兰斯·班农,男,反派,科技,精通先进武器和战术装备，擅长使用高科技武器和装甲进行战斗，具备出色的战略指挥能力。,否,0,九头蛇,红骷髅,6,冷酷高效,"BANNON, LANCE",0.0211970074812967,0.0003571656436279,18,0.65,0.22058823529411764
CERISE II [SHI'AR],樱桃二世[希阿],女,正派,宇宙能量,能够操控宇宙能量，形成能量护盾和能量攻击，具备飞行能力，是希阿帝国皇家卫队成员。,否,0,希阿帝国皇家卫队,无明确核心导师,4,忠诚战士,CERISE II [SHI'AR],0.0211970074812967,9.789691015405846e-05,4,0.49226579520697167,0.45588235294117646
VECTOR,矢量,男,反派,变异,能够控制物体运动的方向和速度，包括子弹、车辆等，使其按自己意愿移动。,否,0,邪恶大师,暂无明确导师,5,孤傲,VECTOR,0.0211970074812967,0.0002288539352322,7,0.5427015250544662,0.19852941176470587
